Date,day_opening_price,day_high,day_low,day_closing_price,day_trading_volume,ZERO_START_POINT,DAY_HIGH_vs_ZERO,DAY_LOW_vs_ZERO,DAY_CLOSE_vs_ZERO
04/01/2010,1116.56,1133.87,1116.56,1132.99,"3,991,400,000",0,17.31,0,16.43
05/01/2010,1132.66,1136.63,1129.66,1136.52,"2,491,020,000",0,3.97,-3,3.86
06/01/2010,1135.71,1139.19,1133.95,1137.14,"4,972,660,000",0,3.48,-1.76,1.43
07/01/2010,1136.27,1142.46,1131.32,1141.69,"5,270,680,000",0,6.19,-4.95,5.42
08/01/2010,1140.52,1145.39,1136.22,1144.98,"4,389,590,000",0,4.87,-4.3,4.46
11/01/2010,1145.96,1149.74,1142.02,1146.98,"4,255,780,000",0,3.78,-3.94,1.02
12/01/2010,1143.81,1143.81,1131.77,1136.22,"4,716,160,000",0,0,-12.04,-7.59
13/01/2010,1137.31,1148.4,1133.18,1145.68,"4,170,360,000",0,11.09,-4.13,8.37
14/01/2010,1145.68,1150.41,1143.8,1148.46,"3,915,200,000",0,4.73,-1.88,2.78
15/01/2010,1147.72,1147.77,1131.39,1136.03,"4,758,730,000",0,0.05,-16.33,-11.69
19/01/2010,1136.03,1150.45,1135.77,1150.23,"4,724,830,000",0,14.42,-0.26,14.2
20/01/2010,1147.95,1147.95,1129.25,1138.04,"4,810,560,000",0,0,-18.7,-9.91
21/01/2010,1138.68,1141.58,1114.84,1116.48,"6,874,289,600",0,2.9,-23.84,-22.2
22/01/2010,1115.49,1115.49,1090.18,1091.76,"6,208,650,000",0,0,-25.31,-23.73
25/01/2010,1092.4,1102.97,1092.4,1096.78,"4,481,390,000",0,10.57,0,4.38
26/01/2010,1095.8,1103.69,1089.86,1092.17,"4,731,910,000",0,7.89,-5.94,-3.63
27/01/2010,1091.94,1099.51,1083.11,1097.5,"5,319,120,000",0,7.57,-8.83,5.56
28/01/2010,1096.93,1100.22,1078.46,1084.53,"5,452,400,000",0,3.29,-18.47,-12.4
29/01/2010,1087.61,1096.45,1071.59,1073.87,"5,412,850,000",0,8.84,-16.02,-13.74
01/02/2010,1073.89,1089.38,1073.89,1089.19,"4,077,610,000",0,15.49,0,15.3
02/02/2010,1090.05,1104.73,1087.96,1103.32,"4,749,540,000",0,14.68,-2.09,13.27
03/02/2010,1100.67,1102.72,1093.97,1097.28,"4,285,450,000",0,2.05,-6.7,-3.39
04/02/2010,1097.25,1097.25,1062.78,1063.11,"5,859,690,000",0,0,-34.47,-34.14
05/02/2010,1064.12,1067.13,1044.5,1066.19,"6,438,900,000",0,3.01,-19.62,2.07
08/02/2010,1065.51,1071.2,1056.51,1056.74,"4,089,820,000",0,5.69,-9,-8.77
09/02/2010,1060.06,1079.28,1060.06,1070.52,"5,114,260,000",0,19.22,0,10.46
10/02/2010,1069.68,1073.67,1059.34,1068.13,"4,251,450,000",0,3.99,-10.34,-1.55
11/02/2010,1067.1,1080.04,1060.59,1078.47,"4,400,870,000",0,12.94,-6.51,11.37
12/02/2010,1075.95,1077.81,1062.97,1075.51,"4,160,680,000",0,1.86,-12.98,-0.44
16/02/2010,1079.13,1095.67,1079.13,1094.87,"4,080,770,000",0,16.54,0,15.74
17/02/2010,1096.14,1101.03,1094.72,1099.51,"4,259,230,000",0,4.89,-1.42,3.37
18/02/2010,1099.03,1108.24,1097.48,1106.75,"3,878,620,000",0,9.21,-1.55,7.72
19/02/2010,1105.49,1112.42,1100.8,1109.17,"3,944,280,000",0,6.93,-4.69,3.68
22/02/2010,1110,1112.29,1105.38,1108.01,"3,814,440,000",0,2.29,-4.62,-1.99
23/02/2010,1107.49,1108.58,1092.18,1094.6,"4,521,050,000",0,1.09,-15.31,-12.89
24/02/2010,1095.89,1106.42,1095.5,1105.24,"4,168,360,000",0,10.53,-0.39,9.35
25/02/2010,1101.24,1103.5,1086.02,1102.94,"4,521,130,000",0,2.26,-15.22,1.7
26/02/2010,1103.1,1107.24,1097.56,1104.49,"3,945,190,000",0,4.14,-5.54,1.39
01/03/2010,1105.36,1116.11,1105.36,1115.71,"3,847,640,000",0,10.75,0,10.35
02/03/2010,1117.01,1123.46,1116.51,1118.31,"4,134,680,000",0,6.45,-0.5,1.3
03/03/2010,1119.36,1125.64,1116.58,1118.79,"3,951,320,000",0,6.28,-2.78,-0.57
04/03/2010,1119.12,1123.73,1116.66,1122.97,"3,945,010,000",0,4.61,-2.46,3.85
05/03/2010,1125.12,1139.38,1125.12,1138.7,"4,133,000,000",0,14.26,0,13.58
08/03/2010,1138.4,1141.05,1136.77,1138.5,"3,774,680,000",0,2.65,-1.63,0.1
09/03/2010,1137.56,1145.37,1134.9,1140.45,"5,185,570,000",0,7.81,-2.66,2.89
10/03/2010,1140.22,1148.26,1140.09,1145.61,"5,469,120,000",0,8.04,-0.13,5.39
11/03/2010,1143.96,1150.24,1138.99,1150.24,"4,669,060,000",0,6.28,-4.97,6.28
12/03/2010,1151.71,1153.41,1146.97,1149.99,"4,928,160,000",0,1.7,-4.74,-1.72
15/03/2010,1148.53,1150.98,1141.45,1150.51,"4,164,110,000",0,2.45,-7.08,1.98
16/03/2010,1150.83,1160.28,1150.35,1159.46,"4,369,770,000",0,9.45,-0.48,8.63
17/03/2010,1159.94,1169.84,1159.94,1166.21,"4,963,200,000",0,9.9,0,6.27
18/03/2010,1166.13,1167.77,1161.16,1165.83,"4,234,510,000",0,1.64,-4.97,-0.3
19/03/2010,1166.68,1169.2,1155.33,1159.9,"5,212,410,000",0,2.52,-11.35,-6.78
22/03/2010,1157.25,1167.82,1152.88,1165.81,"4,261,680,000",0,10.57,-4.37,8.56
23/03/2010,1166.47,1174.72,1163.83,1174.17,"4,411,640,000",0,8.25,-2.64,7.7
24/03/2010,1172.7,1173.04,1166.01,1167.72,"4,705,750,000",0,0.34,-6.69,-4.98
25/03/2010,1170.03,1180.69,1165.09,1165.73,"5,668,900,000",0,10.66,-4.94,-4.3
26/03/2010,1167.58,1173.93,1161.48,1166.59,"4,708,420,000",0,6.35,-6.1,-0.99
29/03/2010,1167.71,1174.85,1167.71,1173.22,"4,375,580,000",0,7.14,0,5.51
30/03/2010,1173.75,1177.83,1168.92,1173.27,"4,085,000,000",0,4.08,-4.83,-0.48
31/03/2010,1171.75,1174.56,1165.77,1169.43,"4,484,340,000",0,2.81,-5.98,-2.32
01/04/2010,1171.23,1181.43,1170.69,1178.1,"4,006,870,000",0,10.2,-0.54,6.87
05/04/2010,1178.71,1187.73,1178.71,1187.44,"3,881,620,000",0,9.02,0,8.73
06/04/2010,1186.01,1191.8,1182.77,1189.44,"4,086,180,000",0,5.79,-3.24,3.43
07/04/2010,1188.23,1189.6,1177.25,1182.45,"5,101,430,000",0,1.37,-10.98,-5.78
08/04/2010,1181.75,1188.55,1175.12,1186.44,"4,726,970,000",0,6.8,-6.63,4.69
09/04/2010,1187.47,1194.66,1187.15,1194.37,"4,511,570,000",0,7.19,-0.32,6.9
12/04/2010,1194.94,1199.2,1194.71,1196.48,"4,607,090,000",0,4.26,-0.23,1.54
13/04/2010,1195.94,1199.04,1188.82,1197.3,"5,403,580,000",0,3.1,-7.12,1.36
14/04/2010,1198.69,1210.65,1198.69,1210.65,"5,760,040,000",0,11.96,0,11.96
15/04/2010,1210.77,1213.92,1208.5,1211.67,"5,995,330,000",0,3.15,-2.27,0.9
16/04/2010,1210.17,1210.17,1186.77,1192.13,"8,108,470,400",0,0,-23.4,-18.04
19/04/2010,1192.06,1197.87,1183.68,1197.52,"6,597,740,000",0,5.81,-8.38,5.46
20/04/2010,1199.04,1208.58,1199.04,1207.17,"5,316,590,000",0,9.54,0,8.13
21/04/2010,1207.16,1210.99,1198.85,1205.94,"5,724,310,000",0,3.83,-8.31,-1.22
22/04/2010,1202.52,1210.27,1190.19,1208.67,"6,035,780,000",0,7.75,-12.33,6.15
23/04/2010,1207.87,1217.28,1205.1,1217.28,"5,326,060,000",0,9.41,-2.77,9.41
26/04/2010,1217.07,1219.8,1211.07,1212.05,"5,647,760,000",0,2.73,-6,-5.02
27/04/2010,1209.92,1211.38,1181.62,1183.71,"7,454,540,000",0,1.46,-28.3,-26.21
28/04/2010,1184.59,1195.05,1181.81,1191.36,"6,342,310,000",0,10.46,-2.78,6.77
29/04/2010,1193.3,1209.36,1193.3,1206.78,"6,059,410,000",0,16.06,0,13.48
30/04/2010,1206.77,1207.99,1186.32,1186.69,"6,048,260,000",0,1.22,-20.45,-20.08
03/05/2010,1188.58,1205.13,1188.58,1202.26,"4,938,050,000",0,16.55,0,13.68
04/05/2010,1197.5,1197.5,1168.12,1173.6,"6,594,720,000",0,0,-29.38,-23.9
05/05/2010,1169.24,1175.95,1158.15,1165.87,"6,795,940,000",0,6.71,-11.09,-3.37
06/05/2010,1164.38,1167.58,1065.79,1128.15,"10,617,809,600",0,3.2,-98.59,-36.23
07/05/2010,1127.04,1135.13,1094.15,1110.88,"9,472,910,400",0,8.09,-32.89,-16.16
10/05/2010,1122.27,1163.85,1122.27,1159.73,"6,893,700,000",0,41.58,0,37.46
11/05/2010,1156.39,1170.48,1147.71,1155.79,"5,842,550,000",0,14.09,-8.68,-0.6
12/05/2010,1155.43,1172.87,1155.43,1171.67,"5,225,460,000",0,17.44,0,16.24
13/05/2010,1170.04,1173.57,1156.14,1157.44,"4,870,640,000",0,3.53,-13.9,-12.6
14/05/2010,1157.19,1157.19,1126.14,1135.68,"6,126,400,000",0,0,-31.05,-21.51
17/05/2010,1136.52,1141.88,1114.96,1136.94,"5,922,920,000",0,5.36,-21.56,0.42
18/05/2010,1138.78,1148.66,1117.2,1120.8,"6,170,840,000",0,9.88,-21.58,-17.98
19/05/2010,1119.57,1124.27,1100.66,1115.05,"6,765,800,000",0,4.7,-18.91,-4.52
20/05/2010,1107.34,1107.34,1071.58,1071.59,"8,328,569,600",0,0,-35.76,-35.75
21/05/2010,1067.26,1090.16,1055.9,1087.69,"5,452,130,000",0,22.9,-11.36,20.43
24/05/2010,1084.78,1089.95,1072.7,1073.65,"5,224,040,000",0,5.17,-12.08,-11.13
25/05/2010,1067.42,1074.75,1040.78,1074.03,"7,329,580,000",0,7.33,-26.64,6.61
26/05/2010,1075.51,1090.75,1065.59,1067.95,"4,521,050,000",0,15.24,-9.92,-7.56
27/05/2010,1074.27,1103.52,1074.27,1103.06,"5,698,460,000",0,29.25,0,28.79
28/05/2010,1102.59,1102.59,1084.78,1089.41,"4,871,210,000",0,0,-17.81,-13.18
01/06/2010,1087.3,1094.77,1069.89,1070.71,"5,271,480,000",0,7.47,-17.41,-16.59
02/06/2010,1073.01,1098.56,1072.03,1098.38,"5,026,360,000",0,25.55,-0.98,25.37
03/06/2010,1098.82,1105.67,1091.81,1102.83,"4,995,970,000",0,6.85,-7.01,4.01
04/06/2010,1098.43,1098.43,1060.5,1064.88,"6,180,580,000",0,0,-37.93,-33.55
07/06/2010,1065.84,1071.36,1049.86,1050.47,"5,467,560,000",0,5.52,-15.98,-15.37
08/06/2010,1050.81,1063.15,1042.17,1062,"6,192,750,000",0,12.34,-8.64,11.19
09/06/2010,1062.75,1077.74,1052.25,1055.69,"5,983,200,000",0,14.99,-10.5,-7.06
10/06/2010,1058.77,1087.85,1058.77,1086.84,"5,144,780,000",0,29.08,0,28.07
11/06/2010,1082.65,1092.25,1077.12,1091.6,"4,059,280,000",0,9.6,-5.53,8.95
14/06/2010,1095,1105.91,1089.03,1089.63,"4,425,830,000",0,10.91,-5.97,-5.37
15/06/2010,1091.21,1115.59,1091.21,1115.23,"4,644,490,000",0,24.38,0,24.02
16/06/2010,1114.02,1118.74,1107.13,1114.61,"5,002,600,000",0,4.72,-6.89,0.59
17/06/2010,1115.98,1117.72,1105.87,1116.04,"4,557,760,000",0,1.74,-10.11,0.06
18/06/2010,1116.16,1121.01,1113.93,1117.51,"4,555,360,000",0,4.85,-2.23,1.35
21/06/2010,1122.79,1131.23,1108.24,1113.2,"4,514,360,000",0,8.44,-14.55,-9.59
22/06/2010,1113.9,1118.5,1094.18,1095.31,"4,514,380,000",0,4.6,-19.72,-18.59
23/06/2010,1095.57,1099.64,1085.31,1092.04,"4,526,150,000",0,4.07,-10.26,-3.53
24/06/2010,1090.93,1090.93,1071.6,1073.69,"4,814,830,000",0,0,-19.33,-17.24
25/06/2010,1075.1,1083.56,1067.89,1076.76,"5,128,840,000",0,8.46,-7.21,1.66
28/06/2010,1077.5,1082.6,1071.45,1074.57,"3,896,410,000",0,5.1,-6.05,-2.93
29/06/2010,1071.1,1071.1,1035.18,1041.24,"6,136,700,000",0,0,-35.92,-29.86
30/06/2010,1040.56,1048.08,1028.33,1030.71,"5,067,080,000",0,7.52,-12.23,-9.85
01/07/2010,1031.1,1033.58,1010.91,1027.37,"6,435,770,000",0,2.48,-20.19,-3.73
02/07/2010,1027.65,1032.95,1015.93,1022.58,"3,968,500,000",0,5.3,-11.72,-5.07
06/07/2010,1028.09,1042.5,1018.35,1028.06,"4,691,240,000",0,14.41,-9.74,-0.03
07/07/2010,1028.54,1060.89,1028.54,1060.27,"4,931,220,000",0,32.35,0,31.73
08/07/2010,1062.92,1071.25,1058.24,1070.25,"4,548,460,000",0,8.33,-4.68,7.33
09/07/2010,1070.5,1078.16,1068.1,1077.96,"3,506,570,000",0,7.66,-2.4,7.46
12/07/2010,1077.23,1080.78,1070.45,1078.75,"3,426,990,000",0,3.55,-6.78,1.52
13/07/2010,1080.65,1099.46,1080.65,1095.34,"4,640,460,000",0,18.81,0,14.69
14/07/2010,1095.61,1099.08,1087.68,1095.17,"4,521,050,000",0,3.47,-7.93,-0.44
15/07/2010,1094.46,1098.66,1080.53,1096.48,"4,552,470,000",0,4.2,-13.93,2.02
16/07/2010,1093.85,1093.85,1063.32,1064.88,"5,297,350,000",0,0,-30.53,-28.97
19/07/2010,1066.85,1074.7,1061.11,1071.25,"4,089,500,000",0,7.85,-5.74,4.4
20/07/2010,1064.53,1083.94,1056.88,1083.48,"4,713,280,000",0,19.41,-7.65,18.95
21/07/2010,1086.67,1088.96,1065.25,1069.59,"4,747,180,000",0,2.29,-21.42,-17.08
22/07/2010,1072.14,1097.5,1072.14,1093.67,"4,826,900,000",0,25.36,0,21.53
23/07/2010,1092.17,1103.73,1087.88,1102.66,"4,524,570,000",0,11.56,-4.29,10.49
26/07/2010,1102.89,1115.01,1101.3,1115.01,"4,009,650,000",0,12.12,-1.59,12.12
27/07/2010,1117.36,1120.95,1109.78,1113.84,"4,725,690,000",0,3.59,-7.58,-3.52
28/07/2010,1112.84,1114.66,1103.11,1106.13,"4,002,390,000",0,1.82,-9.73,-6.71
29/07/2010,1108.07,1115.9,1092.82,1101.53,"4,612,420,000",0,7.83,-15.25,-6.54
30/07/2010,1098.44,1106.44,1088.01,1101.6,"4,006,450,000",0,8,-10.43,3.16
02/08/2010,1107.53,1127.3,1107.53,1125.86,"4,144,180,000",0,19.77,0,18.33
03/08/2010,1125.34,1125.44,1116.76,1120.46,"4,071,820,000",0,0.1,-8.58,-4.88
04/08/2010,1121.06,1128.75,1119.46,1127.24,"4,057,850,000",0,7.69,-1.6,6.18
05/08/2010,1125.78,1126.56,1118.81,1125.81,"3,685,560,000",0,0.78,-6.97,0.03
06/08/2010,1122.07,1123.06,1107.17,1121.64,"3,857,890,000",0,0.99,-14.9,-0.43
09/08/2010,1122.8,1129.24,1120.91,1127.79,"3,191,630,000",0,6.44,-1.89,4.99
10/08/2010,1122.92,1127.16,1111.58,1121.06,"3,979,360,000",0,4.24,-11.34,-1.86
11/08/2010,1116.89,1116.89,1088.55,1089.47,"4,511,860,000",0,0,-28.34,-27.42
12/08/2010,1081.48,1086.72,1076.69,1083.61,"4,521,050,000",0,5.24,-4.79,2.13
13/08/2010,1082.22,1086.25,1079,1079.25,"3,328,890,000",0,4.03,-3.22,-2.97
16/08/2010,1077.49,1082.62,1069.49,1079.38,"3,142,450,000",0,5.13,-8,1.89
17/08/2010,1081.16,1100.14,1081.16,1092.54,"3,968,210,000",0,18.98,0,11.38
18/08/2010,1092.08,1099.77,1085.76,1094.16,"3,724,260,000",0,7.69,-6.32,2.08
19/08/2010,1092.44,1092.44,1070.66,1075.63,"4,290,540,000",0,0,-21.78,-16.81
20/08/2010,1075.63,1075.63,1063.91,1071.69,"3,761,570,000",0,0,-11.72,-3.94
23/08/2010,1073.36,1081.58,1067.08,1067.36,"3,210,950,000",0,8.22,-6.28,-6
24/08/2010,1063.2,1063.2,1046.68,1051.87,"4,436,330,000",0,0,-16.52,-11.33
25/08/2010,1048.98,1059.38,1039.83,1055.33,"4,360,190,000",0,10.4,-9.15,6.35
26/08/2010,1056.28,1061.45,1045.4,1047.22,"3,646,710,000",0,5.17,-10.88,-9.06
27/08/2010,1049.27,1065.21,1039.7,1064.59,"4,102,460,000",0,15.94,-9.57,15.32
30/08/2010,1062.9,1064.4,1048.79,1048.92,"2,917,990,000",0,1.5,-14.11,-13.98
31/08/2010,1046.88,1055.14,1040.88,1049.33,"4,038,770,000",0,8.26,-6,2.45
01/09/2010,1049.72,1081.3,1049.72,1080.29,"4,396,880,000",0,31.58,0,30.57
02/09/2010,1080.66,1090.1,1080.39,1090.1,"3,704,210,000",0,9.44,-0.27,9.44
03/09/2010,1093.61,1105.1,1093.61,1104.51,"3,534,500,000",0,11.49,0,10.9
07/09/2010,1102.6,1102.6,1091.15,1091.84,"3,107,380,000",0,0,-11.45,-10.76
08/09/2010,1092.36,1103.26,1092.36,1098.87,"3,224,640,000",0,10.9,0,6.51
09/09/2010,1101.15,1110.27,1101.15,1104.18,"3,387,770,000",0,9.12,0,3.03
10/09/2010,1104.57,1110.88,1103.92,1109.55,"3,061,160,000",0,6.31,-0.65,4.98
13/09/2010,1113.38,1123.87,1113.38,1121.9,"4,521,050,000",0,10.49,0,8.52
14/09/2010,1121.16,1127.36,1115.58,1121.1,"4,521,050,000",0,6.2,-5.58,-0.06
15/09/2010,1119.43,1126.46,1114.63,1125.07,"3,369,840,000",0,7.03,-4.8,5.64
16/09/2010,1123.89,1125.44,1118.88,1124.66,"3,364,080,000",0,1.55,-5.01,0.77
17/09/2010,1126.39,1131.47,1122.43,1125.59,"4,086,140,000",0,5.08,-3.96,-0.8
20/09/2010,1126.57,1144.86,1126.57,1142.71,"3,364,080,000",0,18.29,0,16.14
21/09/2010,1142.82,1148.59,1136.22,1139.78,"4,175,660,000",0,5.77,-6.6,-3.04
22/09/2010,1139.49,1144.38,1131.58,1134.28,"3,911,070,000",0,4.89,-7.91,-5.21
23/09/2010,1131.1,1136.77,1122.79,1124.83,"3,847,850,000",0,5.67,-8.31,-6.27
24/09/2010,1131.69,1148.9,1131.69,1148.67,"4,123,950,000",0,17.21,0,16.98
27/09/2010,1148.64,1149.92,1142,1142.16,"3,587,860,000",0,1.28,-6.64,-6.48
28/09/2010,1142.31,1150,1132.09,1147.7,"4,025,840,000",0,7.69,-10.22,5.39
29/09/2010,1146.75,1148.63,1140.26,1144.73,"3,990,280,000",0,1.88,-6.49,-2.02
30/09/2010,1145.97,1157.16,1136.08,1141.2,"4,284,160,000",0,11.19,-9.89,-4.77
01/10/2010,1143.49,1150.3,1139.42,1146.24,"4,298,910,000",0,6.81,-4.07,2.75
04/10/2010,1144.96,1148.16,1131.87,1137.03,"3,604,110,000",0,3.2,-13.09,-7.93
05/10/2010,1140.68,1162.76,1140.68,1160.75,"4,068,840,000",0,22.08,0,20.07
06/10/2010,1159.81,1162.33,1154.85,1159.97,"4,073,160,000",0,2.52,-4.96,0.16
07/10/2010,1161.57,1163.87,1151.41,1158.06,"3,910,550,000",0,2.3,-10.16,-3.51
08/10/2010,1158.36,1167.73,1155.58,1165.15,"3,871,420,000",0,9.37,-2.78,6.79
11/10/2010,1165.32,1168.68,1162.02,1165.32,"2,505,900,000",0,3.36,-3.3,0
12/10/2010,1164.28,1172.58,1155.71,1169.77,"4,076,170,000",0,8.3,-8.57,5.49
13/10/2010,1171.32,1184.38,1171.32,1178.1,"4,969,410,000",0,13.06,0,6.78
14/10/2010,1177.82,1178.89,1166.71,1173.81,"4,969,410,000",0,1.07,-11.11,-4.01
15/10/2010,1177.47,1181.2,1167.12,1176.19,"5,724,910,000",0,3.73,-10.35,-1.28
18/10/2010,1176.83,1185.53,1174.55,1184.71,"4,450,050,000",0,8.7,-2.28,7.88
19/10/2010,1178.64,1178.64,1159.71,1165.9,"5,600,120,000",0,0,-18.93,-12.74
20/10/2010,1166.74,1182.94,1166.74,1178.17,"5,027,880,000",0,16.2,0,11.43
21/10/2010,1179.82,1189.43,1171.17,1180.26,"4,625,470,000",0,9.61,-8.65,0.44
22/10/2010,1180.52,1183.93,1178.99,1183.08,"3,177,890,000",0,3.41,-1.53,2.56
25/10/2010,1184.74,1196.14,1184.74,1185.62,"4,221,380,000",0,11.4,0,0.88
26/10/2010,1184.88,1187.11,1177.72,1185.64,"4,203,680,000",0,2.23,-7.16,0.76
27/10/2010,1183.84,1183.84,1171.7,1182.45,"4,335,670,000",0,0,-12.14,-1.39
28/10/2010,1184.47,1189.53,1177.1,1183.78,"4,283,460,000",0,5.06,-7.37,-0.69
29/10/2010,1183.87,1185.46,1179.7,1183.26,"3,537,880,000",0,1.59,-4.17,-0.61
01/11/2010,1185.71,1195.81,1177.65,1184.38,"4,129,180,000",0,10.1,-8.06,-1.33
02/11/2010,1187.86,1195.88,1187.86,1193.57,"3,866,200,000",0,8.02,0,5.71
03/11/2010,1193.79,1198.3,1183.56,1197.96,"4,665,480,000",0,4.51,-10.23,4.17
04/11/2010,1198.34,1221.25,1198.34,1221.06,"5,695,470,000",0,22.91,0,22.72
05/11/2010,1221.2,1227.08,1220.29,1225.85,"5,637,460,000",0,5.88,-0.91,4.65
08/11/2010,1223.24,1224.57,1217.55,1223.25,"3,937,230,000",0,1.33,-5.69,0.01
09/11/2010,1223.59,1226.84,1208.94,1213.4,"4,848,040,000",0,3.25,-14.65,-10.19
10/11/2010,1213.14,1218.75,1204.33,1218.71,"4,561,300,000",0,5.61,-8.81,5.57
11/11/2010,1213.04,1215.45,1204.49,1213.54,"3,931,120,000",0,2.41,-8.55,0.5
12/11/2010,1209.07,1210.5,1194.08,1199.21,"4,213,620,000",0,1.43,-14.99,-9.86
15/11/2010,1200.44,1207.43,1197.15,1197.75,"3,503,370,000",0,6.99,-3.29,-2.69
16/11/2010,1194.79,1194.79,1173,1178.34,"5,116,380,000",0,0,-21.79,-16.45
17/11/2010,1178.33,1183.56,1175.82,1178.59,"3,904,780,000",0,5.23,-2.51,0.26
18/11/2010,1183.75,1200.29,1183.75,1196.69,"4,687,260,000",0,16.54,0,12.94
19/11/2010,1196.12,1199.97,1189.44,1199.73,"3,675,390,000",0,3.85,-6.68,3.61
22/11/2010,1198.07,1198.94,1184.58,1197.84,"3,689,500,000",0,0.87,-13.49,-0.23
23/11/2010,1192.51,1192.51,1176.91,1180.73,"4,133,070,000",0,0,-15.6,-11.78
24/11/2010,1183.7,1198.62,1183.7,1198.35,"3,384,250,000",0,14.92,0,14.65
26/11/2010,1194.16,1194.16,1186.93,1189.4,"1,613,820,000",0,0,-7.23,-4.76
29/11/2010,1189.08,1190.34,1173.64,1187.76,"3,673,450,000",0,1.26,-15.44,-1.32
30/11/2010,1182.96,1187.4,1174.14,1180.55,"4,284,700,000",0,4.44,-8.82,-2.41
01/12/2010,1186.6,1207.61,1186.6,1206.07,"4,548,110,000",0,21.01,0,19.47
02/12/2010,1206.81,1221.89,1206.81,1221.53,"4,970,800,000",0,15.08,0,14.72
03/12/2010,1219.93,1225.57,1216.82,1224.71,"3,735,780,000",0,5.64,-3.11,4.78
06/12/2010,1223.87,1225.8,1220.67,1223.12,"3,527,370,000",0,1.93,-3.2,-0.75
07/12/2010,1227.25,1235.05,1223.25,1223.75,"6,970,630,400",0,7.8,-4,-3.5
08/12/2010,1225.02,1228.93,1219.5,1228.28,"4,607,590,000",0,3.91,-5.52,3.26
09/12/2010,1230.14,1234.71,1226.85,1233,"4,522,510,000",0,4.57,-3.29,2.86
10/12/2010,1233.85,1240.4,1232.58,1240.4,"4,547,310,000",0,6.55,-1.27,6.55
13/12/2010,1242.52,1246.73,1240.34,1240.46,"4,361,240,000",0,4.21,-2.18,-2.06
14/12/2010,1241.84,1246.59,1238.17,1241.59,"4,132,350,000",0,4.75,-3.67,-0.25
15/12/2010,1241.58,1244.25,1234.01,1235.23,"4,407,340,000",0,2.67,-7.57,-6.35
16/12/2010,1236.34,1243.75,1232.85,1242.87,"4,736,820,000",0,7.41,-3.49,6.53
17/12/2010,1243.63,1245.81,1239.87,1243.91,"4,632,470,000",0,2.18,-3.76,0.28
20/12/2010,1245.76,1250.2,1241.51,1247.08,"3,548,140,000",0,4.44,-4.25,1.32
21/12/2010,1249.43,1255.82,1249.43,1254.6,"3,479,670,000",0,6.39,0,5.17
22/12/2010,1254.94,1259.39,1254.94,1258.84,"1,285,590,000",0,4.45,0,3.9
23/12/2010,1257.53,1258.59,1254.05,1256.77,"2,515,020,000",0,1.06,-3.48,-0.76
27/12/2010,1254.66,1258.43,1251.48,1257.54,"1,992,470,000",0,3.77,-3.18,2.88
28/12/2010,1259.1,1259.9,1256.22,1258.51,"2,478,450,000",0,0.8,-2.88,-0.59
29/12/2010,1258.78,1262.6,1258.78,1259.78,"2,214,380,000",0,3.82,0,1
30/12/2010,1259.44,1261.09,1256.32,1257.88,"1,970,720,000",0,1.65,-3.12,-1.56
31/12/2010,1256.76,1259.34,1254.19,1257.64,"1,799,770,000",0,2.58,-2.57,0.88
03/01/2011,1257.62,1276.17,1257.62,1271.87,"4,286,670,000",0,18.55,0,14.25
04/01/2011,1272.95,1274.12,1262.66,1270.2,"4,796,420,000",0,1.17,-10.29,-2.75
05/01/2011,1268.78,1277.63,1265.36,1276.56,"4,764,920,000",0,8.85,-3.42,7.78
06/01/2011,1276.29,1278.17,1270.43,1273.85,"4,844,100,000",0,1.88,-5.86,-2.44
07/01/2011,1274.41,1276.83,1261.7,1271.5,"4,963,110,000",0,2.42,-12.71,-2.91
10/01/2011,1270.84,1271.52,1262.18,1269.75,"4,036,450,000",0,0.68,-8.66,-1.09
11/01/2011,1272.58,1277.25,1269.62,1274.48,"4,050,750,000",0,4.67,-2.96,1.9
12/01/2011,1275.65,1286.87,1275.65,1285.96,"4,226,940,000",0,11.22,0,10.31
13/01/2011,1285.78,1286.7,1280.47,1283.76,"4,310,840,000",0,0.92,-5.31,-2.02
14/01/2011,1282.9,1293.24,1281.24,1293.24,"4,661,590,000",0,10.34,-1.66,10.34
18/01/2011,1293.22,1296.06,1290.16,1295.02,"5,284,990,000",0,2.84,-3.06,1.8
19/01/2011,1294.52,1294.6,1278.92,1281.92,"4,743,710,000",0,0.08,-15.6,-12.6
20/01/2011,1280.85,1283.35,1271.26,1280.26,"4,935,320,000",0,2.5,-9.59,-0.59
21/01/2011,1283.63,1291.21,1282.07,1283.35,"4,935,320,000",0,7.58,-1.56,-0.28
24/01/2011,1283.29,1291.93,1282.47,1290.84,"3,902,470,000",0,8.64,-0.82,7.55
25/01/2011,1288.17,1291.26,1281.07,1291.18,"4,595,380,000",0,3.09,-7.1,3.01
26/01/2011,1291.97,1299.74,1291.97,1296.63,"4,730,980,000",0,7.77,0,4.66
27/01/2011,1297.51,1301.29,1294.41,1299.54,"4,309,190,000",0,3.78,-3.1,2.03
28/01/2011,1299.63,1302.67,1275.1,1276.34,"5,618,630,000",0,3.04,-24.53,-23.29
31/01/2011,1276.5,1287.17,1276.5,1286.12,"4,167,160,000",0,10.67,0,9.62
01/02/2011,1289.14,1308.86,1289.14,1307.59,"5,164,500,000",0,19.72,0,18.45
02/02/2011,1305.91,1307.61,1302.62,1304.03,"4,098,260,000",0,1.7,-3.29,-1.88
03/02/2011,1302.77,1308.6,1294.83,1307.1,"4,370,990,000",0,5.83,-7.94,4.33
04/02/2011,1307.01,1311,1301.67,1310.87,"3,925,950,000",0,3.99,-5.34,3.86
07/02/2011,1311.85,1322.85,1311.85,1319.05,"3,902,270,000",0,11,0,7.2
08/02/2011,1318.76,1324.87,1316.03,1324.57,"3,881,530,000",0,6.11,-2.73,5.81
09/02/2011,1322.48,1324.54,1314.89,1320.88,"3,922,240,000",0,2.06,-7.59,-1.6
10/02/2011,1318.13,1322.78,1311.74,1321.87,"4,184,610,000",0,4.65,-6.39,3.74
11/02/2011,1318.66,1330.79,1316.08,1329.15,"4,219,300,000",0,12.13,-2.58,10.49
14/02/2011,1328.73,1332.96,1326.9,1332.32,"3,567,040,000",0,4.23,-1.83,3.59
15/02/2011,1330.43,1330.43,1324.61,1328.01,"3,926,860,000",0,0,-5.82,-2.42
16/02/2011,1329.51,1337.61,1329.51,1336.32,"1,966,450,000",0,8.1,0,6.81
17/02/2011,1334.37,1341.5,1331,1340.43,"1,966,450,000",0,7.13,-3.37,6.06
18/02/2011,1340.38,1344.07,1338.12,1343.01,"1,966,450,000",0,3.69,-2.26,2.63
22/02/2011,1338.91,1338.91,1312.33,1315.44,"1,322,780,000",0,0,-26.58,-23.47
23/02/2011,1315.44,1317.91,1299.55,1307.4,"1,330,340,000",0,2.47,-15.89,-8.04
24/02/2011,1307.09,1310.91,1294.26,1306.1,"1,222,900,000",0,3.82,-12.83,-0.99
25/02/2011,1307.34,1320.61,1307.34,1319.88,"3,836,030,000",0,13.27,0,12.54
28/02/2011,1321.61,1329.38,1320.55,1327.22,"1,252,850,000",0,7.77,-1.06,5.61
01/03/2011,1328.64,1332.09,1306.14,1306.33,"1,180,420,000",0,3.45,-22.5,-22.31
02/03/2011,1305.47,1314.19,1302.58,1308.44,"1,025,000,000",0,8.72,-2.89,2.97
03/03/2011,1312.37,1332.28,1312.37,1330.97,"4,340,470,000",0,19.91,0,18.6
04/03/2011,1330.73,1331.08,1312.59,1321.15,"4,223,740,000",0,0.35,-18.14,-9.58
07/03/2011,1322.72,1327.68,1303.99,1310.13,"3,964,730,000",0,4.96,-18.73,-12.59
08/03/2011,1311.05,1325.74,1306.86,1321.82,"4,531,420,000",0,14.69,-4.19,10.77
09/03/2011,1319.92,1323.21,1312.27,1320.02,"3,709,520,000",0,3.29,-7.65,0.1
10/03/2011,1315.72,1315.72,1294.21,1295.11,"4,723,020,000",0,0,-21.51,-20.61
11/03/2011,1293.43,1308.35,1291.99,1304.28,"3,740,400,000",0,14.92,-1.44,10.85
14/03/2011,1301.19,1301.19,1286.37,1296.39,"4,050,370,000",0,0,-14.82,-4.8
15/03/2011,1288.46,1288.46,1261.12,1281.87,"5,201,400,000",0,0,-27.34,-6.59
16/03/2011,1279.46,1280.91,1249.05,1256.88,"5,833,000,000",0,1.45,-30.41,-22.58
17/03/2011,1261.61,1278.88,1261.61,1273.72,"4,134,950,000",0,17.27,0,12.11
18/03/2011,1276.71,1288.88,1276.18,1279.21,"4,685,500,000",0,12.17,-0.53,2.5
21/03/2011,1281.65,1300.58,1281.65,1298.38,"4,223,730,000",0,18.93,0,16.73
22/03/2011,1298.29,1299.35,1292.7,1293.77,"3,576,550,000",0,1.06,-5.59,-4.52
23/03/2011,1292.19,1300.51,1284.05,1297.54,"3,842,350,000",0,8.32,-8.14,5.35
24/03/2011,1300.61,1311.34,1297.74,1309.66,"4,223,740,000",0,10.73,-2.87,9.05
25/03/2011,1311.8,1319.18,1310.15,1313.8,"4,223,740,000",0,7.38,-1.65,2
28/03/2011,1315.45,1319.74,1310.19,1310.19,"3,215,170,000",0,4.29,-5.26,-5.26
29/03/2011,1309.37,1319.45,1305.26,1319.44,"3,482,580,000",0,10.08,-4.11,10.07
30/03/2011,1321.89,1331.74,1321.89,1328.26,"3,809,570,000",0,9.85,0,6.37
31/03/2011,1327.44,1329.77,1325.03,1325.83,"3,566,270,000",0,2.33,-2.41,-1.61
01/04/2011,1329.48,1337.85,1328.89,1332.41,"4,223,740,000",0,8.37,-0.59,2.93
04/04/2011,1333.56,1336.74,1329.1,1332.87,"4,223,740,000",0,3.18,-4.46,-0.69
05/04/2011,1332.03,1338.21,1330.03,1332.63,"3,852,280,000",0,6.18,-2,0.6
06/04/2011,1335.94,1339.38,1331.09,1335.54,"4,223,740,000",0,3.44,-4.85,-0.4
07/04/2011,1334.82,1338.8,1326.56,1333.51,"4,005,600,000",0,3.98,-8.26,-1.31
08/04/2011,1336.16,1339.46,1322.94,1328.17,"3,582,810,000",0,3.3,-13.22,-7.99
11/04/2011,1329.01,1333.77,1321.06,1324.46,"3,478,970,000",0,4.76,-7.95,-4.55
12/04/2011,1321.96,1321.96,1309.51,1314.16,"4,275,490,000",0,0,-12.45,-7.8
13/04/2011,1314.03,1321.35,1309.19,1314.41,"3,850,860,000",0,7.32,-4.84,0.38
14/04/2011,1311.13,1316.79,1302.42,1314.52,"3,872,630,000",0,5.66,-8.71,3.39
15/04/2011,1314.54,1322.88,1313.68,1319.68,"4,223,740,000",0,8.34,-0.86,5.14
18/04/2011,1313.35,1313.35,1294.7,1305.14,"4,223,740,000",0,0,-18.65,-8.21
19/04/2011,1305.99,1312.7,1303.97,1312.62,"3,886,300,000",0,6.71,-2.02,6.63
20/04/2011,1319.12,1332.66,1319.12,1330.36,"4,236,280,000",0,13.54,0,11.24
21/04/2011,1333.23,1337.49,1332.83,1337.38,"3,587,240,000",0,4.26,-0.4,4.15
25/04/2011,1337.14,1337.55,1331.47,1335.25,"2,142,130,000",0,0.41,-5.67,-1.89
26/04/2011,1336.75,1349.55,1336.75,1347.24,"3,908,060,000",0,12.8,0,10.49
27/04/2011,1348.43,1357.49,1344.25,1355.66,"4,051,570,000",0,9.06,-4.18,7.23
28/04/2011,1353.86,1361.71,1353.6,1360.48,"4,036,820,000",0,7.85,-0.26,6.62
29/04/2011,1360.14,1364.56,1358.69,1363.61,"3,479,070,000",0,4.42,-1.45,3.47
02/05/2011,1365.21,1370.58,1358.59,1361.22,"3,846,250,000",0,5.37,-6.62,-3.99
03/05/2011,1359.76,1360.84,1349.52,1356.62,"4,223,740,000",0,1.08,-10.24,-3.14
04/05/2011,1355.9,1355.9,1341.5,1347.32,"4,223,740,000",0,0,-14.4,-8.58
05/05/2011,1344.16,1348,1329.17,1335.1,"3,846,250,000",0,3.84,-14.99,-9.06
06/05/2011,1340.24,1354.36,1335.58,1340.2,"4,223,740,000",0,14.12,-4.66,-0.04
09/05/2011,1340.2,1349.44,1338.64,1346.29,"4,265,250,000",0,9.24,-1.56,6.09
10/05/2011,1348.34,1359.44,1348.34,1357.16,"4,223,740,000",0,11.1,0,8.82
11/05/2011,1354.51,1354.51,1336.36,1342.08,"3,846,250,000",0,0,-18.15,-12.43
12/05/2011,1339.39,1351.05,1332.03,1348.65,"3,777,210,000",0,11.66,-7.36,9.26
13/05/2011,1348.69,1350.47,1333.36,1337.77,"3,426,660,000",0,1.78,-15.33,-10.92
16/05/2011,1334.77,1343.33,1327.32,1329.47,"3,846,250,000",0,8.56,-7.45,-5.3
17/05/2011,1326.1,1330.42,1318.51,1328.98,"4,053,970,000",0,4.32,-7.59,2.88
18/05/2011,1328.54,1341.82,1326.59,1340.68,"3,922,030,000",0,13.28,-1.95,12.14
19/05/2011,1342.4,1346.82,1336.36,1343.6,"3,626,110,000",0,4.42,-6.04,1.2
20/05/2011,1342,1342,1330.67,1333.27,"4,066,020,000",0,0,-11.33,-8.73
23/05/2011,1333.07,1333.07,1312.88,1317.37,"3,255,580,000",0,0,-20.19,-15.7
24/05/2011,1317.7,1323.72,1313.87,1316.28,"3,846,250,000",0,6.02,-3.83,-1.42
25/05/2011,1316.36,1325.86,1311.8,1320.47,"4,109,670,000",0,9.5,-4.56,4.11
26/05/2011,1320.64,1328.51,1314.41,1325.69,"3,259,470,000",0,7.87,-6.23,5.05
27/05/2011,1325.69,1334.62,1325.69,1331.1,"3,124,560,000",0,8.93,0,5.41
31/05/2011,1331.1,1345.2,1331.1,1345.2,"4,696,240,000",0,14.1,0,14.1
01/06/2011,1345.2,1345.2,1313.71,1314.55,"4,241,090,000",0,0,-31.49,-30.65
02/06/2011,1314.55,1318.03,1305.61,1312.94,"3,762,170,000",0,3.48,-8.94,-1.61
03/06/2011,1312.94,1312.94,1297.9,1300.16,"3,505,030,000",0,0,-15.04,-12.78
06/06/2011,1300.26,1300.26,1284.72,1286.17,"3,555,980,000",0,0,-15.54,-14.09
07/06/2011,1286.31,1296.22,1284.74,1284.94,"3,846,250,000",0,9.91,-1.57,-1.37
08/06/2011,1284.63,1287.04,1277.42,1279.56,"3,970,810,000",0,2.41,-7.21,-5.07
09/06/2011,1279.63,1294.54,1279.63,1289,"3,332,510,000",0,14.91,0,9.37
10/06/2011,1288.6,1288.6,1268.28,1270.98,"3,846,250,000",0,0,-20.32,-17.62
13/06/2011,1271.31,1277.04,1265.64,1271.83,"4,132,520,000",0,5.73,-5.67,0.52
14/06/2011,1272.22,1292.5,1272.22,1287.87,"3,500,280,000",0,20.28,0,15.65
15/06/2011,1287.87,1287.87,1261.9,1265.42,"4,070,500,000",0,0,-25.97,-22.45
16/06/2011,1265.53,1274.11,1258.07,1267.64,"3,846,250,000",0,8.58,-7.46,2.11
17/06/2011,1268.58,1279.82,1267.4,1271.5,"4,916,460,000",0,11.24,-1.18,2.92
20/06/2011,1271.5,1280.42,1267.56,1278.36,"3,464,660,000",0,8.92,-3.94,6.86
21/06/2011,1278.4,1297.62,1278.4,1295.52,"4,056,150,000",0,19.22,0,17.12
22/06/2011,1295.48,1298.61,1286.79,1287.14,"3,718,420,000",0,3.13,-8.69,-8.34
23/06/2011,1286.6,1286.6,1262.87,1283.5,"4,983,450,000",0,0,-23.73,-3.1
24/06/2011,1283.04,1283.93,1267.24,1268.45,"3,665,340,000",0,0.89,-15.8,-14.59
27/06/2011,1268.44,1284.91,1267.53,1280.1,"3,479,070,000",0,16.47,-0.91,11.66
28/06/2011,1280.21,1296.8,1280.21,1296.67,"3,681,500,000",0,16.59,0,16.46
29/06/2011,1296.85,1309.21,1296.85,1307.41,"4,347,540,000",0,12.36,0,10.56
30/06/2011,1307.64,1321.97,1307.64,1320.64,"4,200,500,000",0,14.33,0,13
01/07/2011,1320.64,1341.01,1318.18,1339.67,"3,796,930,000",0,20.37,-2.46,19.03
05/07/2011,1339.59,1340.89,1334.3,1337.88,"3,722,320,000",0,1.3,-5.29,-1.71
06/07/2011,1337.56,1340.94,1330.92,1339.22,"3,564,190,000",0,3.38,-6.64,1.66
07/07/2011,1339.62,1356.48,1339.62,1353.22,"4,069,530,000",0,16.86,0,13.6
08/07/2011,1352.39,1352.39,1333.71,1343.8,"3,594,360,000",0,0,-18.68,-8.59
11/07/2011,1343.31,1343.31,1316.42,1319.49,"3,879,130,000",0,0,-26.89,-23.82
12/07/2011,1319.61,1327.17,1313.33,1313.64,"4,227,890,000",0,7.56,-6.28,-5.97
13/07/2011,1314.45,1331.48,1314.45,1317.72,"4,060,080,000",0,17.03,0,3.27
14/07/2011,1317.74,1326.88,1306.51,1308.87,"4,358,570,000",0,9.14,-11.23,-8.87
15/07/2011,1308.87,1317.7,1307.52,1316.14,"4,242,760,000",0,8.83,-1.35,7.27
18/07/2011,1315.94,1315.94,1295.92,1305.44,"4,118,160,000",0,0,-20.02,-10.5
19/07/2011,1307.07,1328.14,1307.07,1326.73,"4,304,600,000",0,21.07,0,19.66
20/07/2011,1328.66,1330.43,1323.65,1325.84,"3,767,420,000",0,1.77,-5.01,-2.82
21/07/2011,1325.65,1347,1325.65,1343.8,"4,837,430,000",0,21.35,0,18.15
22/07/2011,1343.8,1346.1,1336.95,1345.02,"3,522,830,000",0,2.3,-6.85,1.22
25/07/2011,1344.32,1344.32,1331.09,1337.43,"3,536,890,000",0,0,-13.23,-6.89
26/07/2011,1337.39,1338.51,1329.59,1331.94,"4,007,050,000",0,1.12,-7.8,-5.45
27/07/2011,1331.91,1331.91,1303.49,1304.89,"3,479,040,000",0,0,-28.42,-27.02
28/07/2011,1304.84,1316.32,1299.16,1300.67,"4,951,800,000",0,11.48,-5.68,-4.17
29/07/2011,1300.12,1304.16,1282.86,1292.28,"5,061,190,000",0,4.04,-17.26,-7.84
01/08/2011,1292.59,1307.38,1274.73,1286.94,"4,967,390,000",0,14.79,-17.86,-5.65
02/08/2011,1286.56,1286.56,1254.03,1254.05,"5,206,290,000",0,0,-32.53,-32.51
03/08/2011,1254.25,1261.2,1234.56,1260.34,"6,446,940,000",0,6.95,-19.69,6.09
04/08/2011,1260.23,1260.23,1199.54,1200.07,"4,266,530,000",0,0,-60.69,-60.16
05/08/2011,1200.28,1218.11,1168.09,1199.38,"5,454,590,000",0,17.83,-32.19,-0.9
08/08/2011,1198.48,1198.48,1119.28,1119.46,"2,615,150,000",0,0,-79.2,-79.02
09/08/2011,1120.23,1172.88,1101.54,1172.53,"2,366,660,000",0,52.65,-18.69,52.3
10/08/2011,1171.77,1171.77,1118.01,1120.76,"5,018,070,000",0,0,-53.76,-51.01
11/08/2011,1121.3,1186.29,1121.3,1172.64,"3,685,050,000",0,64.99,0,51.34
12/08/2011,1172.87,1189.04,1170.74,1178.81,"5,640,380,000",0,16.17,-2.13,5.94
15/08/2011,1178.86,1204.49,1178.86,1204.49,"4,272,850,000",0,25.63,0,25.63
16/08/2011,1204.22,1204.22,1180.53,1192.76,"5,071,600,000",0,0,-23.69,-11.46
17/08/2011,1192.89,1208.47,1184.36,1193.89,"4,388,340,000",0,15.58,-8.53,1
18/08/2011,1189.62,1189.62,1131.03,1140.65,"3,234,810,000",0,0,-58.59,-48.97
19/08/2011,1140.47,1154.54,1122.05,1123.53,"5,167,560,000",0,14.07,-18.42,-16.94
22/08/2011,1123.55,1145.49,1121.09,1123.82,"5,436,260,000",0,21.94,-2.46,0.27
23/08/2011,1124.36,1162.35,1124.36,1162.35,"5,013,170,000",0,37.99,0,37.99
24/08/2011,1162.16,1178.56,1156.3,1177.6,"5,315,310,000",0,16.4,-5.86,15.44
25/08/2011,1176.69,1190.68,1155.47,1159.27,"5,748,420,000",0,13.99,-21.22,-17.42
26/08/2011,1158.85,1181.23,1135.91,1176.8,"5,035,320,000",0,22.38,-22.94,17.95
29/08/2011,1177.91,1210.28,1177.91,1210.08,"4,228,070,000",0,32.37,0,32.17
30/08/2011,1209.76,1220.1,1195.77,1212.92,"4,572,570,000",0,10.34,-13.99,3.16
31/08/2011,1213,1230.71,1209.35,1218.89,"5,267,840,000",0,17.71,-3.65,5.89
01/09/2011,1219.12,1229.29,1203.85,1204.42,"4,780,410,000",0,10.17,-15.27,-14.7
02/09/2011,1203.9,1203.9,1170.56,1173.97,"4,401,740,000",0,0,-33.34,-29.93
06/09/2011,1173.97,1173.97,1140.13,1165.24,"5,103,980,000",0,0,-33.84,-8.73
07/09/2011,1165.85,1198.62,1165.85,1198.62,"4,441,040,000",0,32.77,0,32.77
08/09/2011,1197.98,1204.4,1183.34,1185.9,"4,465,170,000",0,6.42,-14.64,-12.08
09/09/2011,1185.37,1185.37,1148.37,1154.23,"4,586,370,000",0,0,-37,-31.14
12/09/2011,1153.5,1162.52,1136.07,1162.27,"5,168,550,000",0,9.02,-17.43,8.77
13/09/2011,1162.59,1176.41,1157.44,1172.87,"4,681,370,000",0,13.82,-5.15,10.28
14/09/2011,1173.32,1202.38,1162.73,1188.68,"4,986,740,000",0,29.06,-10.59,15.36
15/09/2011,1189.44,1209.11,1189.44,1209.11,"4,479,730,000",0,19.67,0,19.67
16/09/2011,1209.21,1220.06,1204.46,1216.01,"5,248,890,000",0,10.85,-4.75,6.8
19/09/2011,1214.99,1214.99,1188.36,1204.09,"4,254,190,000",0,0,-26.63,-10.9
20/09/2011,1204.5,1220.39,1201.29,1202.09,"4,315,610,000",0,15.89,-3.21,-2.41
21/09/2011,1203.63,1206.3,1166.21,1166.76,"4,728,550,000",0,2.67,-37.42,-36.87
22/09/2011,1164.55,1164.55,1114.22,1129.56,"6,703,140,000",0,0,-50.33,-34.99
23/09/2011,1128.82,1141.72,1121.36,1136.43,"5,639,930,000",0,12.9,-7.46,7.61
26/09/2011,1136.91,1164.19,1131.07,1162.95,"4,762,830,000",0,27.28,-5.84,26.04
27/09/2011,1163.32,1195.86,1163.32,1175.38,"5,548,130,000",0,32.54,0,12.06
28/09/2011,1175.39,1184.71,1150.4,1151.06,"4,787,920,000",0,9.32,-24.99,-24.33
29/09/2011,1151.74,1175.87,1139.93,1160.4,"5,285,740,000",0,24.13,-11.81,8.66
30/09/2011,1159.93,1159.93,1131.34,1131.42,"4,416,790,000",0,0,-28.59,-28.51
03/10/2011,1131.21,1138.99,1098.92,1099.23,"5,670,340,000",0,7.78,-32.29,-31.98
04/10/2011,1097.42,1125.12,1074.77,1123.95,"3,714,670,000",0,27.7,-22.65,26.53
05/10/2011,1124.03,1146.07,1115.68,1144.03,"2,510,620,000",0,22.04,-8.35,20
06/10/2011,1144.11,1165.55,1134.95,1164.97,"5,098,330,000",0,21.44,-9.16,20.86
07/10/2011,1165.03,1171.4,1150.26,1155.46,"5,580,380,000",0,6.37,-14.77,-9.57
10/10/2011,1158.15,1194.91,1158.15,1194.89,"4,446,800,000",0,36.76,0,36.74
11/10/2011,1194.6,1199.24,1187.3,1195.54,"4,424,500,000",0,4.64,-7.3,0.94
12/10/2011,1196.19,1220.25,1196.19,1207.25,"5,355,360,000",0,24.06,0,11.06
13/10/2011,1206.96,1207.46,1190.58,1203.66,"4,436,270,000",0,0.5,-16.38,-3.3
14/10/2011,1205.65,1224.61,1205.65,1224.58,"4,116,690,000",0,18.96,0,18.93
17/10/2011,1224.47,1224.47,1198.55,1200.86,"4,300,700,000",0,0,-25.92,-23.61
18/10/2011,1200.75,1233.1,1191.48,1225.38,"4,840,170,000",0,32.35,-9.27,24.63
19/10/2011,1223.46,1229.64,1206.31,1209.88,"4,846,390,000",0,6.18,-17.15,-13.58
20/10/2011,1209.92,1219.53,1197.34,1215.39,"4,870,290,000",0,9.61,-12.58,5.47
21/10/2011,1215.39,1239.03,1215.39,1238.25,"4,980,770,000",0,23.64,0,22.86
24/10/2011,1238.72,1256.55,1238.72,1254.19,"4,309,380,000",0,17.83,0,15.47
25/10/2011,1254.19,1254.19,1226.79,1229.05,"4,473,970,000",0,0,-27.4,-25.14
26/10/2011,1229.17,1246.28,1221.06,1242,"4,873,530,000",0,17.11,-8.11,12.83
27/10/2011,1243.97,1292.66,1243.97,1284.59,"6,367,610,000",0,48.69,0,40.62
28/10/2011,1284.39,1287.08,1277.01,1285.09,"4,536,690,000",0,2.69,-7.38,0.7
31/10/2011,1284.96,1284.96,1253.16,1253.3,"4,310,210,000",0,0,-31.8,-31.66
01/11/2011,1251,1251,1215.42,1218.28,"5,645,540,000",0,0,-35.58,-32.72
02/11/2011,1219.62,1242.48,1219.62,1237.9,"4,110,530,000",0,22.86,0,18.28
03/11/2011,1238.25,1263.21,1234.81,1261.15,"4,849,140,000",0,24.96,-3.44,22.9
04/11/2011,1260.82,1260.82,1238.92,1253.23,"3,830,650,000",0,0,-21.9,-7.59
07/11/2011,1253.21,1261.7,1240.75,1261.12,"3,429,740,000",0,8.49,-12.46,7.91
08/11/2011,1261.12,1277.55,1254.99,1275.92,"3,908,490,000",0,16.43,-6.13,14.8
09/11/2011,1275.18,1275.18,1226.64,1229.1,"4,659,740,000",0,0,-48.54,-46.08
10/11/2011,1229.59,1246.22,1227.7,1239.7,"4,002,760,000",0,16.63,-1.89,10.11
11/11/2011,1240.12,1266.98,1240.12,1263.85,"3,357,850,000",0,26.86,0,23.73
14/11/2011,1263.85,1263.85,1246.68,1251.78,"3,219,680,000",0,0,-17.17,-12.07
15/11/2011,1251.7,1264.25,1244.34,1257.81,"3,599,300,000",0,12.55,-7.36,6.11
16/11/2011,1257.81,1259.61,1235.67,1236.91,"4,085,010,000",0,1.8,-22.14,-20.9
17/11/2011,1236.56,1237.73,1209.43,1216.13,"4,596,450,000",0,1.17,-27.13,-20.43
18/11/2011,1216.19,1223.51,1211.36,1215.65,"3,827,610,000",0,7.32,-4.83,-0.54
21/11/2011,1215.62,1215.62,1183.16,1192.98,"4,050,070,000",0,0,-32.46,-22.64
22/11/2011,1192.98,1196.81,1181.65,1188.04,"3,911,710,000",0,3.83,-11.33,-4.94
23/11/2011,1187.48,1187.48,1161.79,1161.79,"3,798,940,000",0,0,-25.69,-25.69
25/11/2011,1161.41,1172.66,1158.66,1158.67,"1,664,200,000",0,11.25,-2.75,-2.74
28/11/2011,1158.67,1197.35,1158.67,1192.55,"3,920,750,000",0,38.68,0,33.88
29/11/2011,1192.56,1203.67,1191.8,1195.19,"3,992,650,000",0,11.11,-0.76,2.63
30/11/2011,1196.72,1247.11,1196.72,1246.96,"5,801,910,000",0,50.39,0,50.24
01/12/2011,1246.91,1251.09,1239.73,1244.58,"3,818,680,000",0,4.18,-7.18,-2.33
02/12/2011,1246.03,1260.08,1243.35,1244.28,"4,144,310,000",0,14.05,-2.68,-1.75
05/12/2011,1244.33,1266.73,1244.33,1257.08,"4,148,060,000",0,22.4,0,12.75
06/12/2011,1257.19,1266.03,1253.03,1258.47,"3,734,230,000",0,8.84,-4.16,1.28
07/12/2011,1258.14,1267.06,1244.8,1261.01,"4,160,540,000",0,8.92,-13.34,2.87
08/12/2011,1260.87,1260.87,1231.47,1234.35,"4,298,370,000",0,0,-29.4,-26.52
09/12/2011,1234.48,1258.25,1234.48,1255.19,"3,830,610,000",0,23.77,0,20.71
12/12/2011,1255.05,1255.05,1227.25,1236.47,"3,600,570,000",0,0,-27.8,-18.58
13/12/2011,1236.83,1249.86,1219.43,1225.73,"4,121,570,000",0,13.03,-17.4,-11.1
14/12/2011,1225.73,1225.73,1209.47,1211.82,"4,298,290,000",0,0,-16.26,-13.91
15/12/2011,1212.12,1225.6,1212.12,1215.75,"3,810,340,000",0,13.48,0,3.63
16/12/2011,1216.09,1231.04,1215.2,1219.66,"5,345,800,000",0,14.95,-0.89,3.57
19/12/2011,1219.74,1224.57,1202.37,1205.35,"3,659,820,000",0,4.83,-17.37,-14.39
20/12/2011,1205.72,1242.82,1205.72,1241.3,"4,055,590,000",0,37.1,0,35.58
21/12/2011,1241.25,1245.09,1229.51,1243.72,"2,959,020,000",0,3.84,-11.74,2.47
22/12/2011,1243.72,1255.22,1243.72,1254,"3,492,250,000",0,11.5,0,10.28
23/12/2011,1254,1265.42,1254,1265.33,"2,233,830,000",0,11.42,0,11.33
27/12/2011,1265.02,1269.37,1262.3,1265.43,"2,130,590,000",0,4.35,-2.72,0.41
28/12/2011,1265.38,1265.85,1248.64,1249.64,"2,349,980,000",0,0.47,-16.74,-15.74
29/12/2011,1249.75,1263.54,1249.75,1263.02,"2,278,130,000",0,13.79,0,13.27
30/12/2011,1262.82,1264.12,1257.46,1257.6,"2,271,850,000",0,1.3,-5.36,-5.22
03/01/2012,1258.86,1284.62,1258.86,1277.06,"3,943,710,000",0,25.76,0,18.2
04/01/2012,1277.03,1278.73,1268.1,1277.3,"3,592,580,000",0,1.7,-8.93,0.27
05/01/2012,1277.3,1283.05,1265.26,1281.06,"4,315,950,000",0,5.75,-12.04,3.76
06/01/2012,1280.93,1281.84,1273.34,1277.81,"3,656,830,000",0,0.91,-7.59,-3.12
09/01/2012,1277.83,1281.99,1274.55,1280.7,"3,371,600,000",0,4.16,-3.28,2.87
10/01/2012,1280.77,1296.46,1280.77,1292.08,"4,221,960,000",0,15.69,0,11.31
11/01/2012,1292.02,1293.8,1285.41,1292.48,"3,968,120,000",0,1.78,-6.61,0.46
12/01/2012,1292.48,1296.82,1285.77,1295.5,"4,019,890,000",0,4.34,-6.71,3.02
13/01/2012,1294.82,1294.82,1277.58,1289.09,"3,692,370,000",0,0,-17.24,-5.73
17/01/2012,1290.22,1303,1290.22,1293.67,"4,010,490,000",0,12.78,0,3.45
18/01/2012,1293.65,1308.11,1290.99,1308.04,"4,096,160,000",0,14.46,-2.66,14.39
19/01/2012,1308.07,1315.49,1308.07,1314.5,"4,465,890,000",0,7.42,0,6.43
20/01/2012,1314.49,1315.38,1309.17,1315.38,"3,912,620,000",0,0.89,-5.32,0.89
23/01/2012,1315.29,1322.28,1309.89,1316,"3,770,910,000",0,6.99,-5.4,0.71
24/01/2012,1315.96,1315.96,1306.06,1314.65,"3,693,560,000",0,0,-9.9,-1.31
25/01/2012,1314.4,1328.3,1307.65,1326.06,"4,410,910,000",0,13.9,-6.75,11.66
26/01/2012,1326.28,1333.47,1313.6,1318.43,"4,522,070,000",0,7.19,-12.68,-7.85
27/01/2012,1318.25,1320.06,1311.72,1316.33,"4,007,380,000",0,1.81,-6.53,-1.92
30/01/2012,1316.16,1316.16,1300.49,1313.01,"3,659,010,000",0,0,-15.67,-3.15
31/01/2012,1313.53,1321.41,1306.69,1312.41,"4,235,550,000",0,7.88,-6.84,-1.12
01/02/2012,1312.45,1330.52,1312.45,1324.09,"4,504,360,000",0,18.07,0,11.64
02/02/2012,1324.24,1329.19,1321.57,1325.54,"4,120,920,000",0,4.95,-2.67,1.3
03/02/2012,1326.21,1345.34,1326.21,1344.9,"4,608,550,000",0,19.13,0,18.69
06/02/2012,1344.32,1344.36,1337.52,1344.33,"3,379,700,000",0,0.04,-6.8,0.01
07/02/2012,1344.33,1349.24,1335.92,1347.05,"3,742,460,000",0,4.91,-8.41,2.72
08/02/2012,1347.04,1351,1341.95,1349.96,"4,096,730,000",0,3.96,-5.09,2.92
09/02/2012,1349.97,1354.32,1344.63,1351.95,"4,209,890,000",0,4.35,-5.34,1.98
10/02/2012,1351.21,1351.21,1337.35,1342.64,"3,877,580,000",0,0,-13.86,-8.57
13/02/2012,1343.06,1353.35,1343.06,1351.77,"3,618,040,000",0,10.29,0,8.71
14/02/2012,1351.3,1351.3,1340.83,1350.5,"3,889,520,000",0,0,-10.47,-0.8
15/02/2012,1350.52,1355.87,1340.8,1343.23,"4,080,340,000",0,5.35,-9.72,-7.29
16/02/2012,1342.61,1359.02,1341.22,1358.04,"4,108,880,000",0,16.41,-1.39,15.43
17/02/2012,1358.06,1363.4,1357.24,1361.23,"3,717,640,000",0,5.34,-0.82,3.17
21/02/2012,1361.22,1367.76,1358.11,1362.21,"3,795,200,000",0,6.54,-3.11,0.99
22/02/2012,1362.11,1362.7,1355.53,1357.66,"3,633,710,000",0,0.59,-6.58,-4.45
23/02/2012,1357.53,1364.24,1352.28,1363.46,"3,786,450,000",0,6.71,-5.25,5.93
24/02/2012,1363.46,1368.92,1363.46,1365.74,"3,505,360,000",0,5.46,0,2.28
27/02/2012,1365.2,1371.94,1354.92,1367.59,"3,648,890,000",0,6.74,-10.28,2.39
28/02/2012,1367.56,1373.09,1365.97,1372.18,"3,579,120,000",0,5.53,-1.59,4.62
29/02/2012,1372.2,1378.04,1363.81,1365.68,"4,482,370,000",0,5.84,-8.39,-6.52
01/03/2012,1365.9,1376.17,1365.9,1374.09,"3,919,240,000",0,10.27,0,8.19
02/03/2012,1374.09,1374.53,1366.42,1369.63,"3,283,490,000",0,0.44,-7.67,-4.46
05/03/2012,1369.59,1369.59,1359.13,1364.33,"3,429,480,000",0,0,-10.46,-5.26
06/03/2012,1363.63,1363.63,1340.03,1343.36,"4,191,060,000",0,0,-23.6,-20.27
07/03/2012,1343.39,1354.85,1343.39,1352.63,"3,580,380,000",0,11.46,0,9.24
08/03/2012,1352.65,1368.72,1352.65,1365.91,"3,543,060,000",0,16.07,0,13.26
09/03/2012,1365.97,1374.76,1365.97,1370.87,"3,639,470,000",0,8.79,0,4.9
12/03/2012,1370.78,1373.04,1366.69,1371.09,"3,081,870,000",0,2.26,-4.09,0.31
13/03/2012,1371.92,1396.13,1371.92,1395.95,"4,386,470,000",0,24.21,0,24.03
14/03/2012,1395.95,1399.42,1389.97,1394.28,"4,502,280,000",0,3.47,-5.98,-1.67
15/03/2012,1394.17,1402.63,1392.78,1402.6,"4,271,650,000",0,8.46,-1.39,8.43
16/03/2012,1402.55,1405.88,1401.47,1404.17,"5,163,950,000",0,3.33,-1.08,1.62
19/03/2012,1404.17,1414,1402.43,1409.75,"3,932,570,000",0,9.83,-1.74,5.58
20/03/2012,1409.59,1409.59,1397.68,1405.52,"3,695,280,000",0,0,-11.91,-4.07
21/03/2012,1405.52,1407.75,1400.64,1402.89,"3,573,590,000",0,2.23,-4.88,-2.63
22/03/2012,1402.89,1402.89,1388.73,1392.78,"3,740,590,000",0,0,-14.16,-10.11
23/03/2012,1392.78,1399.18,1386.87,1397.11,"3,472,950,000",0,6.4,-5.91,4.33
26/03/2012,1397.11,1416.58,1397.11,1416.51,"3,576,950,000",0,19.47,0,19.4
27/03/2012,1416.55,1419.15,1411.95,1412.52,"3,513,640,000",0,2.6,-4.6,-4.03
28/03/2012,1412.52,1413.65,1397.2,1405.54,"3,892,800,000",0,1.13,-15.32,-6.98
29/03/2012,1405.39,1405.39,1391.56,1403.28,"3,832,000,000",0,0,-13.83,-2.11
30/03/2012,1403.31,1410.89,1401.42,1408.47,"3,676,890,000",0,7.58,-1.89,5.16
02/04/2012,1408.47,1422.38,1404.46,1419.04,"3,572,010,000",0,13.91,-4.01,10.57
03/04/2012,1418.98,1419,1404.62,1413.38,"3,822,090,000",0,0.02,-14.36,-5.6
04/04/2012,1413.09,1413.09,1394.09,1398.96,"3,938,290,000",0,0,-19,-14.13
05/04/2012,1398.79,1401.6,1392.92,1398.08,"3,303,740,000",0,2.81,-5.87,-0.71
09/04/2012,1397.45,1397.45,1378.24,1382.2,"3,468,980,000",0,0,-19.21,-15.25
10/04/2012,1382.18,1383.01,1357.38,1358.59,"4,631,730,000",0,0.83,-24.8,-23.59
11/04/2012,1358.98,1374.71,1358.98,1368.71,"3,743,040,000",0,15.73,0,9.73
12/04/2012,1368.77,1388.13,1368.77,1387.57,"3,618,280,000",0,19.36,0,18.8
13/04/2012,1387.61,1387.61,1369.85,1370.26,"3,631,160,000",0,0,-17.76,-17.35
16/04/2012,1370.27,1379.66,1365.38,1369.57,"3,574,780,000",0,9.39,-4.89,-0.7
17/04/2012,1369.57,1392.76,1369.57,1390.78,"3,456,200,000",0,23.19,0,21.21
18/04/2012,1390.78,1390.78,1383.29,1385.14,"3,463,140,000",0,0,-7.49,-5.64
19/04/2012,1385.08,1390.46,1370.3,1376.92,"4,180,020,000",0,5.38,-14.78,-8.16
20/04/2012,1376.96,1387.4,1376.96,1378.53,"3,833,320,000",0,10.44,0,1.57
23/04/2012,1378.53,1378.53,1358.79,1366.94,"3,654,860,000",0,0,-19.74,-11.59
24/04/2012,1366.97,1375.57,1366.82,1371.97,"3,617,100,000",0,8.6,-0.15,5
25/04/2012,1372.11,1391.37,1372.11,1390.69,"3,998,430,000",0,19.26,0,18.58
26/04/2012,1390.64,1402.09,1387.28,1399.98,"4,034,700,000",0,11.45,-3.36,9.34
27/04/2012,1400.19,1406.64,1397.31,1403.36,"3,645,830,000",0,6.45,-2.88,3.17
30/04/2012,1403.26,1403.26,1394,1397.91,"3,574,010,000",0,0,-9.26,-5.35
01/05/2012,1397.86,1415.32,1395.73,1405.82,"3,807,950,000",0,17.46,-2.13,7.96
02/05/2012,1405.5,1405.5,1393.92,1402.31,"3,803,860,000",0,0,-11.58,-3.19
03/05/2012,1402.32,1403.07,1388.71,1391.57,"4,004,910,000",0,0.75,-13.61,-10.75
04/05/2012,1391.51,1391.51,1367.96,1369.1,"3,975,140,000",0,0,-23.55,-22.41
07/05/2012,1368.79,1373.91,1363.94,1369.58,"3,559,390,000",0,5.12,-4.85,0.79
08/05/2012,1369.16,1369.16,1347.75,1363.72,"4,261,670,000",0,0,-21.41,-5.44
09/05/2012,1363.2,1363.73,1343.13,1354.58,"4,288,540,000",0,0.53,-20.07,-8.62
10/05/2012,1354.58,1365.88,1354.58,1357.99,"3,727,990,000",0,11.3,0,3.41
11/05/2012,1358.11,1365.66,1348.89,1353.39,"3,869,070,000",0,7.55,-9.22,-4.72
14/05/2012,1351.93,1351.93,1336.61,1338.35,"3,688,120,000",0,0,-15.32,-13.58
15/05/2012,1338.36,1344.94,1328.41,1330.66,"4,114,040,000",0,6.58,-9.95,-7.7
16/05/2012,1330.78,1341.78,1324.79,1324.8,"4,280,420,000",0,11,-5.99,-5.98
17/05/2012,1324.82,1326.36,1304.86,1304.86,"4,664,280,000",0,1.54,-19.96,-19.96
18/05/2012,1305.05,1312.24,1291.98,1295.22,"4,512,470,000",0,7.19,-13.07,-9.83
21/05/2012,1295.73,1316.39,1295.73,1315.99,"3,786,750,000",0,20.66,0,20.26
22/05/2012,1316.09,1328.49,1310.04,1316.63,"4,123,680,000",0,12.4,-6.05,0.54
23/05/2012,1316.02,1320.71,1296.53,1318.86,"4,108,330,000",0,4.69,-19.49,2.84
24/05/2012,1318.72,1324.14,1310.5,1320.68,"3,937,670,000",0,5.42,-8.22,1.96
25/05/2012,1320.81,1324.2,1314.23,1317.82,"2,872,660,000",0,3.39,-6.58,-2.99
29/05/2012,1318.9,1334.93,1318.9,1332.42,"3,441,640,000",0,16.03,0,13.52
30/05/2012,1331.25,1331.25,1310.76,1313.32,"3,534,290,000",0,0,-20.49,-17.93
31/05/2012,1313.09,1319.74,1298.9,1310.33,"4,557,620,000",0,6.65,-14.19,-2.76
01/06/2012,1309.87,1309.87,1277.25,1278.04,"4,669,350,000",0,0,-32.62,-31.83
04/06/2012,1278.29,1282.55,1266.74,1278.18,"4,011,960,000",0,4.26,-11.55,-0.11
05/06/2012,1277.82,1287.62,1274.16,1285.5,"3,403,230,000",0,9.8,-3.66,7.68
06/06/2012,1285.61,1315.13,1285.61,1315.13,"4,268,360,000",0,29.52,0,29.52
07/06/2012,1316.15,1329.05,1312.68,1314.99,"4,258,140,000",0,12.9,-3.47,-1.16
08/06/2012,1314.99,1325.81,1307.77,1325.66,"3,497,190,000",0,10.82,-7.22,10.67
11/06/2012,1325.72,1335.52,1307.73,1308.93,"3,537,530,000",0,9.8,-17.99,-16.79
12/06/2012,1309.4,1324.31,1306.62,1324.18,"3,442,920,000",0,14.91,-2.78,14.78
13/06/2012,1324.02,1327.28,1310.51,1314.88,"3,506,510,000",0,3.26,-13.51,-9.14
14/06/2012,1314.88,1333.68,1314.14,1329.1,"3,687,720,000",0,18.8,-0.74,14.22
15/06/2012,1329.19,1343.32,1329.19,1342.84,"4,401,570,000",0,14.13,0,13.65
18/06/2012,1342.42,1348.22,1334.46,1344.78,"3,259,430,000",0,5.8,-7.96,2.36
19/06/2012,1344.83,1363.46,1344.83,1357.98,"3,815,350,000",0,18.63,0,13.15
20/06/2012,1358.04,1361.57,1346.45,1355.69,"3,695,700,000",0,3.53,-11.59,-2.35
21/06/2012,1355.43,1358.27,1324.41,1325.51,"4,094,470,000",0,2.84,-31.02,-29.92
22/06/2012,1325.92,1337.82,1325.92,1335.02,"5,271,490,000",0,11.9,0,9.1
25/06/2012,1334.9,1334.9,1309.27,1313.72,"3,501,820,000",0,0,-25.63,-21.18
26/06/2012,1314.09,1324.24,1310.3,1319.99,"3,412,940,000",0,10.15,-3.79,5.9
27/06/2012,1320.71,1334.4,1320.71,1331.85,"3,286,910,000",0,13.69,0,11.14
28/06/2012,1331.52,1331.52,1313.29,1329.04,"3,969,370,000",0,0,-18.23,-2.48
29/06/2012,1330.12,1362.17,1330.12,1362.16,"4,590,480,000",0,32.05,0,32.04
02/07/2012,1362.33,1366.35,1355.7,1365.51,"3,301,650,000",0,4.02,-6.63,3.18
03/07/2012,1365.75,1374.81,1363.53,1374.02,"2,116,390,000",0,9.06,-2.22,8.27
05/07/2012,1373.72,1373.85,1363.02,1367.58,"3,041,520,000",0,0.13,-10.7,-6.14
06/07/2012,1367.09,1367.09,1348.03,1354.68,"2,745,140,000",0,0,-19.06,-12.41
09/07/2012,1354.66,1354.87,1346.65,1352.46,"2,904,860,000",0,0.21,-8.01,-2.2
10/07/2012,1352.96,1361.54,1336.27,1341.47,"3,470,600,000",0,8.58,-16.69,-11.49
11/07/2012,1341.4,1345,1333.25,1341.45,"3,426,290,000",0,3.6,-8.15,0.05
12/07/2012,1341.29,1341.29,1325.41,1334.76,"3,654,440,000",0,0,-15.88,-6.53
13/07/2012,1334.81,1357.7,1334.81,1356.78,"3,212,930,000",0,22.89,0,21.97
16/07/2012,1356.5,1357.26,1348.51,1353.64,"2,862,720,000",0,0.76,-7.99,-2.86
17/07/2012,1353.68,1365.36,1345.07,1363.67,"3,566,680,000",0,11.68,-8.61,9.99
18/07/2012,1363.58,1375.26,1358.96,1372.78,"3,642,630,000",0,11.68,-4.62,9.2
19/07/2012,1373.01,1380.39,1371.21,1376.51,"4,043,360,000",0,7.38,-1.8,3.5
20/07/2012,1376.51,1376.51,1362.19,1362.66,"3,925,020,000",0,0,-14.32,-13.85
23/07/2012,1362.34,1362.34,1337.56,1350.52,"3,717,180,000",0,0,-24.78,-11.82
24/07/2012,1350.52,1351.53,1329.24,1338.31,"3,891,290,000",0,1.01,-21.28,-12.21
25/07/2012,1338.35,1343.98,1331.5,1337.89,"3,719,170,000",0,5.63,-6.85,-0.46
26/07/2012,1338.17,1363.13,1338.17,1360.02,"4,429,300,000",0,24.96,0,21.85
27/07/2012,1360.05,1389.19,1360.05,1385.97,"4,399,010,000",0,29.14,0,25.92
30/07/2012,1385.94,1391.74,1381.37,1385.3,"3,212,060,000",0,5.8,-4.57,-0.64
31/07/2012,1385.27,1387.16,1379.17,1379.32,"3,821,570,000",0,1.89,-6.1,-5.95
01/08/2012,1379.32,1385.03,1373.35,1375.32,"4,440,920,000",0,5.71,-5.97,-4
02/08/2012,1375.13,1375.13,1354.65,1365,"4,193,740,000",0,0,-20.48,-10.13
03/08/2012,1365.45,1394.16,1365.45,1390.99,"3,751,170,000",0,28.71,0,25.54
06/08/2012,1391.04,1399.63,1391.04,1394.23,"3,122,050,000",0,8.59,0,3.19
07/08/2012,1394.46,1407.14,1394.46,1401.35,"3,682,490,000",0,12.68,0,6.89
08/08/2012,1401.23,1404.14,1396.13,1402.22,"3,221,790,000",0,2.91,-5.1,0.99
09/08/2012,1402.26,1405.95,1398.8,1402.8,"3,119,610,000",0,3.69,-3.46,0.54
10/08/2012,1402.58,1405.98,1395.62,1405.87,"2,767,980,000",0,3.4,-6.96,3.29
13/08/2012,1405.87,1405.87,1397.32,1404.11,"2,499,990,000",0,0,-8.55,-1.76
14/08/2012,1404.36,1410.03,1400.6,1403.93,"2,930,900,000",0,5.67,-3.76,-0.43
15/08/2012,1403.89,1407.73,1401.83,1405.53,"2,655,750,000",0,3.84,-2.06,1.64
16/08/2012,1405.57,1417.44,1404.15,1415.51,"3,114,100,000",0,11.87,-1.42,9.94
17/08/2012,1415.84,1418.71,1414.67,1418.16,"2,922,990,000",0,2.87,-1.17,2.32
20/08/2012,1417.85,1418.13,1412.12,1418.13,"2,766,320,000",0,0.28,-5.73,0.28
21/08/2012,1418.13,1426.68,1410.86,1413.17,"3,282,950,000",0,8.55,-7.27,-4.96
22/08/2012,1413.09,1416.12,1406.78,1413.49,"3,062,690,000",0,3.03,-6.31,0.4
23/08/2012,1413.49,1413.49,1400.5,1402.08,"3,008,240,000",0,0,-12.99,-11.41
24/08/2012,1401.99,1413.46,1398.04,1411.13,"2,598,790,000",0,11.47,-3.95,9.14
27/08/2012,1411.13,1416.17,1409.11,1410.44,"2,472,500,000",0,5.04,-2.02,-0.69
28/08/2012,1410.44,1413.63,1405.59,1409.3,"2,629,090,000",0,3.19,-4.85,-1.14
29/08/2012,1409.32,1413.95,1406.57,1410.49,"2,571,220,000",0,4.63,-2.75,1.17
30/08/2012,1410.08,1410.08,1397.01,1399.48,"2,530,280,000",0,0,-13.07,-10.6
31/08/2012,1400.07,1413.09,1398.96,1406.58,"2,938,250,000",0,13.02,-1.11,6.51
04/09/2012,1406.54,1409.31,1396.56,1404.94,"3,200,310,000",0,2.77,-9.98,-1.6
05/09/2012,1404.94,1408.81,1401.25,1403.44,"3,389,110,000",0,3.87,-3.69,-1.5
06/09/2012,1403.74,1432.12,1403.74,1432.12,"3,952,870,000",0,28.38,0,28.38
07/09/2012,1432.12,1437.92,1431.45,1437.92,"3,717,620,000",0,5.8,-0.67,5.8
10/09/2012,1437.92,1438.74,1428.98,1429.08,"3,223,670,000",0,0.82,-8.94,-8.84
11/09/2012,1429.13,1437.76,1429.13,1433.56,"3,509,630,000",0,8.63,0,4.43
12/09/2012,1433.56,1439.15,1432.99,1436.56,"3,641,200,000",0,5.59,-0.57,3
13/09/2012,1436.56,1463.76,1435.34,1459.99,"4,606,550,000",0,27.2,-1.22,23.43
14/09/2012,1460.07,1474.51,1460.07,1465.77,"5,041,990,000",0,14.44,0,5.7
17/09/2012,1465.42,1465.63,1457.55,1461.19,"3,482,430,000",0,0.21,-7.87,-4.23
18/09/2012,1461.19,1461.47,1456.13,1459.32,"3,377,390,000",0,0.28,-5.06,-1.87
19/09/2012,1459.5,1465.15,1457.88,1461.05,"3,451,360,000",0,5.65,-1.62,1.55
20/09/2012,1461.05,1461.23,1449.98,1460.26,"3,382,520,000",0,0.18,-11.07,-0.79
21/09/2012,1460.34,1467.07,1459.51,1460.15,"4,833,870,000",0,6.73,-0.83,-0.19
24/09/2012,1459.76,1460.72,1452.06,1456.89,"3,008,920,000",0,0.96,-7.7,-2.87
25/09/2012,1456.94,1463.24,1441.59,1441.59,"3,739,900,000",0,6.3,-15.35,-15.35
26/09/2012,1441.6,1441.6,1430.53,1433.32,"3,565,380,000",0,0,-11.07,-8.28
27/09/2012,1433.36,1450.2,1433.36,1447.15,"3,150,330,000",0,16.84,0,13.79
28/09/2012,1447.13,1447.13,1435.6,1440.67,"3,509,230,000",0,0,-11.53,-6.46
01/10/2012,1440.9,1457.14,1440.9,1444.49,"3,505,080,000",0,16.24,0,3.59
02/10/2012,1444.99,1451.52,1439.01,1445.75,"3,321,790,000",0,6.53,-5.98,0.76
03/10/2012,1446.05,1454.3,1441.99,1450.99,"3,531,640,000",0,8.25,-4.06,4.94
04/10/2012,1451.08,1463.14,1451.08,1461.4,"3,615,860,000",0,12.06,0,10.32
05/10/2012,1461.4,1470.96,1456.89,1460.93,"3,172,940,000",0,9.56,-4.51,-0.47
08/10/2012,1460.93,1460.93,1453.1,1455.88,"2,328,720,000",0,0,-7.83,-5.05
09/10/2012,1455.9,1455.9,1441.18,1441.48,"3,216,320,000",0,0,-14.72,-14.42
10/10/2012,1441.48,1442.52,1430.64,1432.56,"3,225,060,000",0,1.04,-10.84,-8.92
11/10/2012,1432.82,1443.9,1432.82,1432.84,"3,672,540,000",0,11.08,0,0.02
12/10/2012,1432.84,1438.43,1425.53,1428.59,"3,134,750,000",0,5.59,-7.31,-4.25
15/10/2012,1428.75,1441.31,1427.24,1440.13,"3,483,810,000",0,12.56,-1.51,11.38
16/10/2012,1440.31,1455.51,1440.31,1454.92,"3,568,770,000",0,15.2,0,14.61
17/10/2012,1454.22,1462.2,1453.35,1460.91,"3,655,320,000",0,7.98,-0.87,6.69
18/10/2012,1460.94,1464.02,1452.63,1457.34,"3,880,030,000",0,3.08,-8.31,-3.6
19/10/2012,1457.34,1457.34,1429.85,1433.19,"3,875,170,000",0,0,-27.49,-24.15
22/10/2012,1433.21,1435.46,1422.06,1433.82,"3,216,220,000",0,2.25,-11.15,0.61
23/10/2012,1433.74,1433.74,1407.56,1413.11,"3,587,670,000",0,0,-26.18,-20.63
24/10/2012,1413.2,1420.04,1407.1,1408.75,"3,385,970,000",0,6.84,-6.1,-4.45
25/10/2012,1409.74,1421.12,1405.14,1412.97,"3,512,640,000",0,11.38,-4.6,3.23
26/10/2012,1412.97,1417.09,1403.28,1411.94,"3,284,910,000",0,4.12,-9.69,-1.03
31/10/2012,1410.99,1418.76,1405.95,1412.16,"3,577,110,000",0,7.77,-5.04,1.17
01/11/2012,1412.2,1428.35,1412.2,1427.59,"3,929,890,000",0,16.15,0,15.39
02/11/2012,1427.59,1434.27,1412.91,1414.2,"3,732,480,000",0,6.68,-14.68,-13.39
05/11/2012,1414.02,1419.9,1408.13,1417.26,"2,921,040,000",0,5.88,-5.89,3.24
06/11/2012,1417.26,1433.38,1417.26,1428.39,"3,306,970,000",0,16.12,0,11.13
07/11/2012,1428.27,1428.27,1388.14,1394.53,"4,356,490,000",0,0,-40.13,-33.74
08/11/2012,1394.53,1401.23,1377.51,1377.51,"3,779,520,000",0,6.7,-17.02,-17.02
09/11/2012,1377.55,1391.39,1373.03,1379.85,"3,647,350,000",0,13.84,-4.52,2.3
12/11/2012,1379.86,1384.87,1377.19,1380.03,"2,567,540,000",0,5.01,-2.67,0.17
13/11/2012,1380.03,1388.81,1371.39,1374.53,"3,455,550,000",0,8.78,-8.64,-5.5
14/11/2012,1374.64,1380.13,1352.5,1355.49,"4,109,510,000",0,5.49,-22.14,-19.15
15/11/2012,1355.41,1360.62,1348.05,1353.33,"3,928,870,000",0,5.21,-7.36,-2.08
16/11/2012,1353.36,1362.03,1343.35,1359.88,"4,045,910,000",0,8.67,-10.01,6.52
19/11/2012,1359.88,1386.89,1359.88,1386.89,"3,374,800,000",0,27.01,0,27.01
20/11/2012,1386.82,1389.77,1377.04,1387.81,"3,207,160,000",0,2.95,-9.78,0.99
21/11/2012,1387.79,1391.25,1386.39,1391.03,"2,667,090,000",0,3.46,-1.4,3.24
23/11/2012,1391.03,1409.16,1391.03,1409.15,"1,504,960,000",0,18.13,0,18.12
26/11/2012,1409.15,1409.15,1397.68,1406.29,"2,948,960,000",0,0,-11.47,-2.86
27/11/2012,1406.29,1409.01,1398.03,1398.94,"3,323,120,000",0,2.72,-8.26,-7.35
28/11/2012,1398.77,1410.31,1385.43,1409.93,"3,359,250,000",0,11.54,-13.34,11.16
29/11/2012,1409.96,1419.7,1409.04,1415.95,"3,356,850,000",0,9.74,-0.92,5.99
30/11/2012,1415.95,1418.86,1411.63,1416.18,"3,966,000,000",0,2.91,-4.32,0.23
03/12/2012,1416.34,1423.73,1408.46,1409.46,"3,074,280,000",0,7.39,-7.88,-6.88
04/12/2012,1409.46,1413.14,1403.65,1407.05,"3,247,710,000",0,3.68,-5.81,-2.41
05/12/2012,1407.05,1415.56,1398.23,1409.28,"4,253,920,000",0,8.51,-8.82,2.23
06/12/2012,1409.43,1413.95,1405.93,1413.94,"3,229,700,000",0,4.52,-3.5,4.51
07/12/2012,1413.95,1420.34,1410.9,1418.07,"3,125,160,000",0,6.39,-3.05,4.12
10/12/2012,1418.07,1421.64,1415.64,1418.55,"2,999,430,000",0,3.57,-2.43,0.48
11/12/2012,1418.55,1434.27,1418.55,1427.84,"3,650,230,000",0,15.72,0,9.29
12/12/2012,1427.84,1438.59,1426.76,1428.48,"3,709,050,000",0,10.75,-1.08,0.64
13/12/2012,1428.48,1431.36,1416,1419.45,"3,349,960,000",0,2.88,-12.48,-9.03
14/12/2012,1419.45,1419.45,1411.88,1413.58,"3,210,170,000",0,0,-7.57,-5.87
17/12/2012,1413.54,1430.67,1413.54,1430.36,"3,455,610,000",0,17.13,0,16.82
18/12/2012,1430.47,1448,1430.47,1446.79,"4,302,240,000",0,17.53,0,16.32
19/12/2012,1446.79,1447.75,1435.8,1435.81,"3,869,800,000",0,0.96,-10.99,-10.98
20/12/2012,1435.81,1443.7,1432.82,1443.69,"3,686,580,000",0,7.89,-2.99,7.88
21/12/2012,1443.67,1443.67,1422.58,1430.15,"5,229,160,000",0,0,-21.09,-13.52
24/12/2012,1430.15,1430.15,1424.66,1426.66,"1,248,960,000",0,0,-5.49,-3.49
26/12/2012,1426.66,1429.42,1416.43,1419.83,"2,285,030,000",0,2.76,-10.23,-6.83
27/12/2012,1419.83,1422.8,1401.8,1418.1,"2,830,180,000",0,2.97,-18.03,-1.73
28/12/2012,1418.1,1418.1,1401.58,1402.43,"2,426,680,000",0,0,-16.52,-15.67
31/12/2012,1402.43,1426.74,1398.11,1426.19,"3,204,330,000",0,24.31,-4.32,23.76
02/01/2013,1426.19,1462.43,1426.19,1462.42,"4,202,600,000",0,36.24,0,36.23
03/01/2013,1462.42,1465.47,1455.53,1459.37,"3,829,730,000",0,3.05,-6.89,-3.05
04/01/2013,1459.37,1467.94,1458.99,1466.47,"3,424,290,000",0,8.57,-0.38,7.1
07/01/2013,1466.47,1466.47,1456.62,1461.89,"3,304,970,000",0,0,-9.85,-4.58
08/01/2013,1461.89,1461.89,1451.64,1457.15,"3,601,600,000",0,0,-10.25,-4.74
09/01/2013,1457.15,1464.73,1457.15,1461.02,"3,674,390,000",0,7.58,0,3.87
10/01/2013,1461.02,1472.3,1461.02,1472.12,"4,081,840,000",0,11.28,0,11.1
11/01/2013,1472.12,1472.75,1467.58,1472.05,"3,340,650,000",0,0.63,-4.54,-0.07
14/01/2013,1472.05,1472.05,1465.69,1470.68,"3,003,010,000",0,0,-6.36,-1.37
15/01/2013,1470.67,1473.31,1463.76,1472.34,"3,135,350,000",0,2.64,-6.91,1.67
16/01/2013,1472.33,1473.96,1467.6,1472.63,"3,384,080,000",0,1.63,-4.73,0.3
17/01/2013,1472.63,1485.16,1472.63,1480.94,"3,706,710,000",0,12.53,0,8.31
18/01/2013,1480.95,1485.98,1475.81,1485.98,"3,795,740,000",0,5.03,-5.14,5.03
22/01/2013,1485.98,1492.56,1481.16,1492.56,"3,570,950,000",0,6.58,-4.82,6.58
23/01/2013,1492.56,1496.13,1489.9,1494.81,"3,552,010,000",0,3.57,-2.66,2.25
24/01/2013,1494.81,1502.27,1489.46,1494.82,"3,699,430,000",0,7.46,-5.35,0.01
25/01/2013,1494.82,1503.26,1494.82,1502.96,"3,476,290,000",0,8.44,0,8.14
28/01/2013,1502.96,1503.23,1496.33,1500.18,"3,388,540,000",0,0.27,-6.63,-2.78
29/01/2013,1500.18,1509.35,1498.09,1507.84,"3,949,640,000",0,9.17,-2.09,7.66
30/01/2013,1507.84,1509.94,1500.11,1501.96,"3,726,810,000",0,2.1,-7.73,-5.88
31/01/2013,1501.96,1504.19,1496.76,1498.11,"3,999,880,000",0,2.23,-5.2,-3.85
01/02/2013,1498.11,1514.41,1498.11,1513.17,"3,836,320,000",0,16.3,0,15.06
04/02/2013,1513.17,1513.17,1495.02,1495.71,"3,390,000,000",0,0,-18.15,-17.46
05/02/2013,1495.71,1514.96,1495.71,1511.29,"3,618,360,000",0,19.25,0,15.58
06/02/2013,1511.29,1512.53,1504.71,1512.12,"3,611,570,000",0,1.24,-6.58,0.83
07/02/2013,1512.12,1512.9,1498.49,1509.39,"3,614,580,000",0,0.78,-13.63,-2.73
08/02/2013,1509.39,1518.31,1509.39,1517.93,"2,986,150,000",0,8.92,0,8.54
11/02/2013,1517.93,1518.31,1513.61,1517.01,"2,684,100,000",0,0.38,-4.32,-0.92
12/02/2013,1517.01,1522.29,1515.61,1519.43,"3,414,370,000",0,5.28,-1.4,2.42
13/02/2013,1519.43,1524.69,1515.93,1520.33,"3,385,880,000",0,5.26,-3.5,0.9
14/02/2013,1520.33,1523.14,1514.02,1521.38,"3,759,740,000",0,2.81,-6.31,1.05
15/02/2013,1521.38,1524.24,1514.14,1519.79,"3,838,510,000",0,2.86,-7.24,-1.59
19/02/2013,1519.79,1530.94,1519.79,1530.94,"3,748,910,000",0,11.15,0,11.15
20/02/2013,1530.94,1530.94,1511.41,1511.95,"4,240,570,000",0,0,-19.53,-18.99
21/02/2013,1511.95,1511.95,1497.29,1502.42,"4,274,600,000",0,0,-14.66,-9.53
22/02/2013,1502.42,1515.64,1502.42,1515.6,"3,419,320,000",0,13.22,0,13.18
25/02/2013,1515.6,1525.84,1487.85,1487.85,"4,011,050,000",0,10.24,-27.75,-27.75
26/02/2013,1487.85,1498.99,1485.01,1496.94,"3,975,280,000",0,11.14,-2.84,9.09
27/02/2013,1496.94,1520.08,1494.88,1515.99,"3,551,850,000",0,23.14,-2.06,19.05
28/02/2013,1515.99,1525.34,1514.46,1514.68,"3,912,320,000",0,9.35,-1.53,-1.31
01/03/2013,1514.68,1519.99,1501.48,1518.2,"3,695,610,000",0,5.31,-13.2,3.52
04/03/2013,1518.2,1525.27,1512.29,1525.2,"3,414,430,000",0,7.07,-5.91,7
05/03/2013,1525.2,1543.47,1525.2,1539.79,"3,610,690,000",0,18.27,0,14.59
06/03/2013,1539.79,1545.25,1538.11,1541.46,"3,676,890,000",0,5.46,-1.68,1.67
07/03/2013,1541.46,1545.78,1541.46,1544.26,"3,634,710,000",0,4.32,0,2.8
08/03/2013,1544.26,1552.48,1542.94,1551.18,"3,652,260,000",0,8.22,-1.32,6.92
11/03/2013,1551.15,1556.27,1547.36,1556.22,"3,091,080,000",0,5.12,-3.79,5.07
12/03/2013,1556.22,1556.77,1548.24,1552.48,"3,274,910,000",0,0.55,-7.98,-3.74
13/03/2013,1552.48,1556.39,1548.25,1554.52,"3,073,830,000",0,3.91,-4.23,2.04
14/03/2013,1554.52,1563.32,1554.52,1563.23,"3,459,260,000",0,8.8,0,8.71
15/03/2013,1563.21,1563.62,1555.74,1560.7,"5,175,850,000",0,0.41,-7.47,-2.51
18/03/2013,1560.7,1560.7,1545.13,1552.1,"3,164,560,000",0,0,-15.57,-8.6
19/03/2013,1552.1,1557.25,1538.57,1548.34,"3,796,210,000",0,5.15,-13.53,-3.76
20/03/2013,1548.34,1561.56,1548.34,1558.71,"3,349,090,000",0,13.22,0,10.37
21/03/2013,1558.71,1558.71,1543.55,1545.8,"3,243,270,000",0,0,-15.16,-12.91
22/03/2013,1545.9,1557.74,1545.9,1556.89,"2,948,380,000",0,11.84,0,10.99
25/03/2013,1556.89,1564.91,1546.22,1551.69,"3,178,170,000",0,8.02,-10.67,-5.2
26/03/2013,1551.69,1563.95,1551.69,1563.77,"2,869,260,000",0,12.26,0,12.08
27/03/2013,1563.75,1564.07,1551.9,1562.85,"2,914,210,000",0,0.32,-11.85,-0.9
28/03/2013,1562.86,1570.28,1561.08,1569.19,"3,304,440,000",0,7.42,-1.78,6.33
01/04/2013,1569.18,1570.57,1558.47,1562.17,"2,753,110,000",0,1.39,-10.71,-7.01
02/04/2013,1562.17,1573.66,1562.17,1570.25,"3,312,160,000",0,11.49,0,8.08
03/04/2013,1570.25,1571.47,1549.8,1553.69,"4,060,610,000",0,1.22,-20.45,-16.56
04/04/2013,1553.69,1562.6,1552.52,1559.98,"3,350,670,000",0,8.91,-1.17,6.29
05/04/2013,1559.98,1559.98,1539.5,1553.28,"3,515,410,000",0,0,-20.48,-6.7
08/04/2013,1553.26,1563.07,1548.63,1563.07,"2,887,120,000",0,9.81,-4.63,9.81
09/04/2013,1563.11,1573.89,1560.92,1568.61,"3,252,780,000",0,10.78,-2.19,5.5
10/04/2013,1568.61,1589.07,1568.61,1587.73,"3,453,350,000",0,20.46,0,19.12
11/04/2013,1587.73,1597.35,1586.17,1593.37,"3,393,950,000",0,9.62,-1.56,5.64
12/04/2013,1593.3,1593.3,1579.97,1588.85,"3,206,290,000",0,0,-13.33,-4.45
15/04/2013,1588.84,1588.84,1552.28,1552.36,"4,660,130,000",0,0,-36.56,-36.48
16/04/2013,1552.36,1575.35,1552.36,1574.57,"3,654,700,000",0,22.99,0,22.21
17/04/2013,1574.57,1574.57,1543.69,1552.01,"4,250,310,000",0,0,-30.88,-22.56
18/04/2013,1552.03,1554.38,1536.03,1541.61,"3,890,800,000",0,2.35,-16,-10.42
19/04/2013,1541.61,1555.89,1539.4,1555.25,"3,569,870,000",0,14.28,-2.21,13.64
22/04/2013,1555.25,1565.55,1548.19,1562.5,"2,979,880,000",0,10.3,-7.06,7.25
23/04/2013,1562.5,1579.58,1562.5,1578.78,"3,565,150,000",0,17.08,0,16.28
24/04/2013,1578.78,1583,1575.8,1578.79,"3,598,240,000",0,4.22,-2.98,0.01
25/04/2013,1578.93,1592.64,1578.93,1585.16,"3,908,580,000",0,13.71,0,6.23
26/04/2013,1585.16,1585.78,1577.56,1582.24,"3,198,620,000",0,0.62,-7.6,-2.92
29/04/2013,1582.34,1596.65,1582.34,1593.61,"2,891,200,000",0,14.31,0,11.27
30/04/2013,1593.58,1597.57,1586.5,1597.57,"3,745,070,000",0,3.99,-7.08,3.99
01/05/2013,1597.55,1597.55,1581.28,1582.7,"3,530,320,000",0,0,-16.27,-14.85
02/05/2013,1582.77,1598.6,1582.77,1597.59,"3,366,950,000",0,15.83,0,14.82
03/05/2013,1597.6,1618.46,1597.6,1614.42,"3,603,910,000",0,20.86,0,16.82
06/05/2013,1614.4,1619.77,1614.21,1617.5,"3,062,240,000",0,5.37,-0.19,3.1
07/05/2013,1617.55,1626.03,1616.64,1625.96,"3,309,580,000",0,8.48,-0.91,8.41
08/05/2013,1625.95,1632.78,1622.7,1632.69,"3,554,700,000",0,6.83,-3.25,6.74
09/05/2013,1632.69,1635.01,1623.09,1626.67,"3,457,400,000",0,2.32,-9.6,-6.02
10/05/2013,1626.69,1633.7,1623.71,1633.7,"3,086,470,000",0,7.01,-2.98,7.01
13/05/2013,1632.1,1636,1626.74,1633.77,"2,910,600,000",0,3.9,-5.36,1.67
14/05/2013,1633.75,1651.1,1633.75,1650.34,"3,457,790,000",0,17.35,0,16.59
15/05/2013,1649.13,1661.49,1646.68,1658.78,"3,657,440,000",0,12.36,-2.45,9.65
16/05/2013,1658.07,1660.51,1648.6,1650.47,"3,513,130,000",0,2.44,-9.47,-7.6
17/05/2013,1652.45,1667.47,1652.45,1667.47,"3,440,710,000",0,15.02,0,15.02
20/05/2013,1665.71,1672.84,1663.52,1666.29,"3,275,080,000",0,7.13,-2.19,0.58
21/05/2013,1666.2,1674.93,1662.67,1669.16,"3,513,560,000",0,8.73,-3.53,2.96
22/05/2013,1669.39,1687.18,1648.86,1655.35,"4,361,020,000",0,17.79,-20.53,-14.04
23/05/2013,1651.62,1655.5,1635.53,1650.51,"3,945,510,000",0,3.88,-16.09,-1.11
24/05/2013,1646.67,1649.78,1636.88,1649.6,"2,758,080,000",0,3.11,-9.79,2.93
28/05/2013,1652.63,1674.21,1652.63,1660.06,"3,457,400,000",0,21.58,0,7.43
29/05/2013,1656.57,1656.57,1640.05,1648.36,"3,587,140,000",0,0,-16.52,-8.21
30/05/2013,1649.14,1661.91,1648.61,1654.41,"3,498,620,000",0,12.77,-0.53,5.27
31/05/2013,1652.13,1658.99,1630.74,1630.74,"4,099,600,000",0,6.86,-21.39,-21.39
03/06/2013,1631.71,1640.42,1622.72,1640.42,"3,952,070,000",0,8.71,-8.99,8.71
04/06/2013,1640.73,1646.53,1623.62,1631.38,"3,653,840,000",0,5.8,-17.11,-9.35
05/06/2013,1629.05,1629.31,1607.09,1608.9,"3,632,350,000",0,0.26,-21.96,-20.15
06/06/2013,1609.29,1622.56,1598.23,1622.56,"3,547,380,000",0,13.27,-11.06,13.27
07/06/2013,1625.27,1644.4,1625.27,1643.38,"3,371,990,000",0,19.13,0,18.11
10/06/2013,1644.67,1648.69,1639.26,1642.81,"2,978,730,000",0,4.02,-5.41,-1.86
11/06/2013,1638.64,1640.13,1622.92,1626.13,"3,435,710,000",0,1.49,-15.72,-12.51
12/06/2013,1629.94,1637.71,1610.92,1612.52,"3,202,550,000",0,7.77,-19.02,-17.42
13/06/2013,1612.15,1639.25,1608.07,1636.36,"3,378,620,000",0,27.1,-4.08,24.21
14/06/2013,1635.52,1640.8,1623.96,1626.73,"2,939,400,000",0,5.28,-11.56,-8.79
17/06/2013,1630.64,1646.5,1630.34,1639.04,"3,137,080,000",0,15.86,-0.3,8.4
18/06/2013,1639.77,1654.19,1639.77,1651.81,"3,120,980,000",0,14.42,0,12.04
19/06/2013,1651.83,1652.45,1628.91,1628.93,"3,545,060,000",0,0.62,-22.92,-22.9
20/06/2013,1624.62,1624.62,1584.32,1588.19,"4,858,850,000",0,0,-40.3,-36.43
21/06/2013,1588.62,1599.19,1577.7,1592.43,"5,797,280,000",0,10.57,-10.92,3.81
24/06/2013,1588.77,1588.77,1560.33,1573.09,"4,733,660,000",0,0,-28.44,-15.68
25/06/2013,1577.52,1593.79,1577.09,1588.03,"3,761,170,000",0,16.27,-0.43,10.51
26/06/2013,1592.27,1606.83,1592.27,1603.26,"3,558,340,000",0,14.56,0,10.99
27/06/2013,1606.44,1620.07,1606.44,1613.2,"3,364,540,000",0,13.63,0,6.76
28/06/2013,1611.12,1615.94,1601.06,1606.28,"4,977,190,000",0,4.82,-10.06,-4.84
01/07/2013,1609.78,1626.61,1609.78,1614.96,"3,104,690,000",0,16.83,0,5.18
02/07/2013,1614.29,1624.26,1606.77,1614.08,"3,317,130,000",0,9.97,-7.52,-0.21
03/07/2013,1611.48,1618.97,1604.57,1615.41,"1,966,050,000",0,7.49,-6.91,3.93
05/07/2013,1618.65,1632.07,1614.71,1631.89,"2,634,140,000",0,13.42,-3.94,13.24
08/07/2013,1634.2,1644.68,1634.2,1640.46,"3,514,590,000",0,10.48,0,6.26
09/07/2013,1642.89,1654.18,1642.89,1652.32,"3,155,360,000",0,11.29,0,9.43
10/07/2013,1651.56,1657.92,1647.66,1652.62,"3,011,010,000",0,6.36,-3.9,1.06
11/07/2013,1657.41,1676.63,1657.41,1675.02,"3,446,340,000",0,19.22,0,17.61
12/07/2013,1675.26,1680.19,1672.33,1680.19,"3,039,070,000",0,4.93,-2.93,4.93
15/07/2013,1679.59,1684.51,1677.89,1682.5,"2,623,200,000",0,4.92,-1.7,2.91
16/07/2013,1682.7,1683.73,1671.84,1676.26,"3,081,710,000",0,1.03,-10.86,-6.44
17/07/2013,1677.91,1684.75,1677.91,1680.91,"3,153,440,000",0,6.84,0,3
18/07/2013,1681.05,1693.12,1681.05,1689.37,"3,452,370,000",0,12.07,0,8.32
19/07/2013,1686.15,1692.09,1684.08,1692.09,"3,302,580,000",0,5.94,-2.07,5.94
22/07/2013,1694.41,1697.61,1690.67,1695.53,"2,779,130,000",0,3.2,-3.74,1.12
23/07/2013,1696.63,1698.78,1691.13,1692.39,"3,096,180,000",0,2.15,-5.5,-4.24
24/07/2013,1696.06,1698.38,1682.57,1685.94,"3,336,120,000",0,2.32,-13.49,-10.12
25/07/2013,1685.21,1690.94,1680.07,1690.25,"3,322,500,000",0,5.73,-5.14,5.04
26/07/2013,1687.31,1691.85,1676.03,1691.65,"2,762,770,000",0,4.54,-11.28,4.34
29/07/2013,1690.32,1690.92,1681.86,1685.33,"2,840,520,000",0,0.6,-8.46,-4.99
30/07/2013,1687.92,1693.19,1682.42,1685.96,"3,320,530,000",0,5.27,-5.5,-1.96
31/07/2013,1687.76,1698.43,1684.94,1685.73,"3,847,390,000",0,10.67,-2.82,-2.03
01/08/2013,1689.42,1707.85,1689.42,1706.87,"3,775,170,000",0,18.43,0,17.45
02/08/2013,1706.1,1709.67,1700.68,1709.67,"3,136,630,000",0,3.57,-5.42,3.57
05/08/2013,1708.01,1709.24,1703.55,1707.14,"2,529,300,000",0,1.23,-4.46,-0.87
06/08/2013,1705.79,1705.79,1693.29,1697.37,"3,141,210,000",0,0,-12.5,-8.42
07/08/2013,1695.3,1695.3,1684.91,1690.91,"3,010,230,000",0,0,-10.39,-4.39
08/08/2013,1693.35,1700.18,1688.38,1697.48,"3,271,660,000",0,6.83,-4.97,4.13
09/08/2013,1696.1,1699.42,1686.02,1691.42,"2,957,670,000",0,3.32,-10.08,-4.68
12/08/2013,1688.37,1691.49,1683.35,1689.47,"2,789,160,000",0,3.12,-5.02,1.1
13/08/2013,1690.65,1696.81,1682.62,1694.16,"3,035,560,000",0,6.16,-8.03,3.51
14/08/2013,1693.88,1695.52,1684.83,1685.39,"2,871,430,000",0,1.64,-9.05,-8.49
15/08/2013,1679.61,1679.61,1658.59,1661.32,"3,426,690,000",0,0,-21.02,-18.29
16/08/2013,1661.22,1663.6,1652.61,1655.83,"3,211,450,000",0,2.38,-8.61,-5.39
19/08/2013,1655.25,1659.18,1645.84,1646.06,"2,904,530,000",0,3.93,-9.41,-9.19
20/08/2013,1646.81,1658.92,1646.08,1652.35,"2,994,090,000",0,12.11,-0.73,5.54
21/08/2013,1650.66,1656.99,1639.43,1642.8,"2,932,180,000",0,6.33,-11.23,-7.86
22/08/2013,1645.03,1659.55,1645.03,1656.96,"2,537,460,000",0,14.52,0,11.93
23/08/2013,1659.92,1664.85,1654.81,1663.5,"2,582,670,000",0,4.93,-5.11,3.58
26/08/2013,1664.29,1669.51,1656.02,1656.78,"2,430,670,000",0,5.22,-8.27,-7.51
27/08/2013,1652.54,1652.54,1629.05,1630.48,"3,219,190,000",0,0,-23.49,-22.06
28/08/2013,1630.25,1641.18,1627.47,1634.96,"2,784,010,000",0,10.93,-2.78,4.71
29/08/2013,1633.5,1646.41,1630.88,1638.17,"2,527,550,000",0,12.91,-2.62,4.67
30/08/2013,1638.89,1640.08,1628.05,1632.97,"2,734,300,000",0,1.19,-10.84,-5.92
03/09/2013,1635.95,1651.35,1633.41,1639.77,"3,731,610,000",0,15.4,-2.54,3.82
04/09/2013,1640.72,1655.72,1637.41,1653.08,"3,312,150,000",0,15,-3.31,12.36
05/09/2013,1653.28,1659.17,1653.07,1655.08,"2,957,110,000",0,5.89,-0.21,1.8
06/09/2013,1657.44,1664.83,1640.62,1655.17,"3,123,880,000",0,7.39,-16.82,-2.27
09/09/2013,1656.85,1672.4,1656.85,1671.71,"3,102,780,000",0,15.55,0,14.86
10/09/2013,1675.11,1684.09,1675.11,1683.99,"3,691,800,000",0,8.98,0,8.88
11/09/2013,1681.04,1689.13,1678.7,1689.13,"3,135,460,000",0,8.09,-2.34,8.09
12/09/2013,1689.21,1689.97,1681.96,1683.42,"3,106,290,000",0,0.76,-7.25,-5.79
13/09/2013,1685.04,1688.73,1682.22,1687.99,"2,736,500,000",0,3.69,-2.82,2.95
16/09/2013,1691.7,1704.95,1691.7,1697.6,"3,079,800,000",0,13.25,0,5.9
17/09/2013,1697.73,1705.52,1697.73,1704.76,"2,774,240,000",0,7.79,0,7.03
18/09/2013,1705.74,1729.44,1700.35,1725.52,"3,989,760,000",0,23.7,-5.39,19.78
19/09/2013,1727.34,1729.86,1720.2,1722.34,"3,740,130,000",0,2.52,-7.14,-5
20/09/2013,1722.44,1725.23,1708.89,1709.91,"5,074,030,000",0,2.79,-13.55,-12.53
23/09/2013,1711.44,1711.44,1697.1,1701.84,"3,126,950,000",0,0,-14.34,-9.6
24/09/2013,1702.6,1707.63,1694.9,1697.42,"3,268,930,000",0,5.03,-7.7,-5.18
25/09/2013,1698.02,1701.71,1691.88,1692.77,"3,148,730,000",0,3.69,-6.14,-5.25
26/09/2013,1694.05,1703.85,1693.11,1698.67,"2,813,930,000",0,9.8,-0.94,4.62
27/09/2013,1695.52,1695.52,1687.11,1691.75,"2,951,700,000",0,0,-8.41,-3.77
30/09/2013,1687.26,1687.26,1674.99,1681.55,"3,308,630,000",0,0,-12.27,-5.71
01/10/2013,1682.41,1696.55,1682.07,1695,"3,238,690,000",0,14.14,-0.34,12.59
02/10/2013,1691.9,1693.87,1680.34,1693.87,"3,148,600,000",0,1.97,-11.56,1.97
03/10/2013,1692.35,1692.35,1670.36,1678.66,"3,279,650,000",0,0,-21.99,-13.69
04/10/2013,1678.79,1691.94,1677.33,1690.5,"2,880,270,000",0,13.15,-1.46,11.71
07/10/2013,1687.15,1687.15,1674.7,1676.12,"2,678,490,000",0,0,-12.45,-11.03
08/10/2013,1676.22,1676.79,1655.03,1655.45,"3,569,230,000",0,0.57,-21.19,-20.77
09/10/2013,1656.99,1662.47,1646.47,1656.4,"3,577,840,000",0,5.48,-10.52,-0.59
10/10/2013,1660.88,1692.56,1660.88,1692.56,"3,362,300,000",0,31.68,0,31.68
11/10/2013,1691.09,1703.44,1688.52,1703.2,"2,944,670,000",0,12.35,-2.57,12.11
14/10/2013,1699.86,1711.03,1692.13,1710.14,"2,580,580,000",0,11.17,-7.73,10.28
15/10/2013,1709.17,1711.57,1695.93,1698.06,"3,327,740,000",0,2.4,-13.24,-11.11
16/10/2013,1700.49,1721.76,1700.49,1721.54,"3,486,180,000",0,21.27,0,21.05
17/10/2013,1720.17,1733.45,1714.12,1733.15,"3,453,590,000",0,13.28,-6.05,12.98
18/10/2013,1736.72,1745.31,1735.74,1744.5,"3,664,890,000",0,8.59,-0.98,7.78
21/10/2013,1745.2,1747.79,1740.67,1744.66,"3,052,710,000",0,2.59,-4.53,-0.54
22/10/2013,1746.48,1759.33,1746.48,1754.67,"3,850,840,000",0,12.85,0,8.19
23/10/2013,1752.27,1752.27,1740.5,1746.38,"3,713,380,000",0,0,-11.77,-5.89
24/10/2013,1747.48,1753.94,1745.5,1752.07,"3,671,700,000",0,6.46,-1.98,4.59
25/10/2013,1756.01,1759.82,1752.45,1759.77,"3,175,720,000",0,3.81,-3.56,3.76
28/10/2013,1759.42,1764.99,1757.67,1762.11,"3,282,300,000",0,5.57,-1.75,2.69
29/10/2013,1762.93,1772.09,1762.93,1771.95,"3,358,460,000",0,9.16,0,9.02
30/10/2013,1772.27,1775.22,1757.24,1763.31,"3,523,040,000",0,2.95,-15.03,-8.96
31/10/2013,1763.24,1768.53,1755.72,1756.54,"3,826,530,000",0,5.29,-7.52,-6.7
01/11/2013,1758.7,1765.67,1752.7,1761.64,"3,686,290,000",0,6.97,-6,2.94
04/11/2013,1763.4,1768.78,1761.56,1767.93,"3,194,870,000",0,5.38,-1.84,4.53
05/11/2013,1765.67,1767.03,1755.76,1762.97,"3,516,680,000",0,1.36,-9.91,-2.7
06/11/2013,1765,1773.74,1764.4,1770.49,"3,322,100,000",0,8.74,-0.6,5.49
07/11/2013,1770.74,1774.54,1746.2,1747.15,"4,143,200,000",0,3.8,-24.54,-23.59
08/11/2013,1748.37,1770.78,1747.63,1770.61,"3,837,170,000",0,22.41,-0.74,22.24
11/11/2013,1769.96,1773.44,1767.85,1771.89,"2,534,060,000",0,3.48,-2.11,1.93
12/11/2013,1769.51,1771.78,1762.29,1767.69,"3,221,030,000",0,2.27,-7.22,-1.82
13/11/2013,1764.37,1782,1760.64,1782,"3,327,480,000",0,17.63,-3.73,17.63
14/11/2013,1782.75,1791.53,1780.22,1790.62,"3,139,060,000",0,8.78,-2.53,7.87
15/11/2013,1790.66,1798.22,1790.66,1798.18,"3,254,820,000",0,7.56,0,7.52
18/11/2013,1798.82,1802.33,1788,1791.53,"3,168,520,000",0,3.51,-10.82,-7.29
19/11/2013,1790.79,1795.51,1784.72,1787.87,"3,224,450,000",0,4.72,-6.07,-2.92
20/11/2013,1789.59,1795.73,1777.23,1781.37,"3,109,140,000",0,6.14,-12.36,-8.22
21/11/2013,1783.52,1797.16,1783.52,1795.85,"3,256,630,000",0,13.64,0,12.33
22/11/2013,1797.21,1804.84,1794.7,1804.76,"3,055,140,000",0,7.63,-2.51,7.55
25/11/2013,1806.33,1808.1,1800.58,1802.48,"2,998,540,000",0,1.77,-5.75,-3.85
26/11/2013,1802.87,1808.42,1800.77,1802.75,"3,427,120,000",0,5.55,-2.1,-0.12
27/11/2013,1803.48,1808.27,1802.77,1807.23,"2,613,590,000",0,4.79,-0.71,3.75
29/11/2013,1808.69,1813.55,1803.98,1805.81,"1,598,300,000",0,4.86,-4.71,-2.88
02/12/2013,1806.55,1810.02,1798.6,1800.9,"3,095,430,000",0,3.47,-7.95,-5.65
03/12/2013,1800.1,1800.1,1787.85,1795.15,"3,475,680,000",0,0,-12.25,-4.95
04/12/2013,1793.15,1799.8,1779.09,1792.81,"3,610,540,000",0,6.65,-14.06,-0.34
05/12/2013,1792.82,1792.82,1783.38,1785.03,"3,336,880,000",0,0,-9.44,-7.79
06/12/2013,1788.36,1806.04,1788.36,1805.09,"3,150,030,000",0,17.68,0,16.73
09/12/2013,1806.21,1811.52,1806.21,1808.37,"3,129,500,000",0,5.31,0,2.16
10/12/2013,1807.6,1808.52,1801.75,1802.62,"3,117,150,000",0,0.92,-5.85,-4.98
11/12/2013,1802.76,1802.97,1780.09,1782.22,"3,472,240,000",0,0.21,-22.67,-20.54
12/12/2013,1781.71,1782.99,1772.28,1775.5,"3,306,640,000",0,1.28,-9.43,-6.21
13/12/2013,1777.98,1780.92,1772.45,1775.32,"3,061,070,000",0,2.94,-5.53,-2.66
16/12/2013,1777.48,1792.22,1777.48,1786.54,"3,209,890,000",0,14.74,0,9.06
17/12/2013,1786.47,1786.77,1777.05,1781,"3,270,030,000",0,0.3,-9.42,-5.47
18/12/2013,1781.46,1811.08,1767.99,1810.65,"4,327,770,000",0,29.62,-13.47,29.19
19/12/2013,1809,1810.88,1801.35,1809.6,"3,497,210,000",0,1.88,-7.65,0.6
20/12/2013,1810.39,1823.75,1810.25,1818.32,"5,097,700,000",0,13.36,-0.14,7.93
23/12/2013,1822.92,1829.75,1822.92,1827.99,"2,851,540,000",0,6.83,0,5.07
24/12/2013,1828.02,1833.32,1828.02,1833.32,"1,307,630,000",0,5.3,0,5.3
26/12/2013,1834.96,1842.84,1834.96,1842.02,"1,982,270,000",0,7.88,0,7.06
27/12/2013,1842.97,1844.89,1839.81,1841.4,"2,052,920,000",0,1.92,-3.16,-1.57
30/12/2013,1841.47,1842.47,1838.77,1841.07,0,0,1,-2.7,-0.4
31/12/2013,1842.61,1849.44,1842.41,1848.36,"2,312,840,000",0,6.83,-0.2,5.75
02/01/2014,1845.86,1845.86,1827.74,1831.98,"3,080,600,000",0,0,-18.12,-13.88
03/01/2014,1833.21,1838.24,1829.13,1831.37,"2,774,270,000",0,5.03,-4.08,-1.84
06/01/2014,1832.31,1837.16,1823.73,1826.77,"3,294,850,000",0,4.85,-8.58,-5.54
07/01/2014,1828.71,1840.1,1828.71,1837.88,"3,511,750,000",0,11.39,0,9.17
08/01/2014,1837.9,1840.02,1831.4,1837.49,"3,652,140,000",0,2.12,-6.5,-0.41
09/01/2014,1839,1843.23,1830.38,1838.13,"3,581,150,000",0,4.23,-8.62,-0.87
10/01/2014,1840.06,1843.15,1832.43,1842.37,"3,335,710,000",0,3.09,-7.63,2.31
13/01/2014,1841.26,1843.45,1815.52,1819.2,"3,591,350,000",0,2.19,-25.74,-22.06
14/01/2014,1821.36,1839.26,1821.36,1838.88,"3,353,270,000",0,17.9,0,17.52
15/01/2014,1840.52,1850.84,1840.52,1848.38,"3,777,800,000",0,10.32,0,7.86
16/01/2014,1847.99,1847.99,1840.3,1845.89,"3,491,310,000",0,0,-7.69,-2.1
17/01/2014,1844.23,1846.04,1835.23,1838.7,"3,626,120,000",0,1.81,-9,-5.53
21/01/2014,1841.05,1849.31,1832.38,1843.8,"3,782,470,000",0,8.26,-8.67,2.75
22/01/2014,1844.71,1846.87,1840.88,1844.86,"3,374,170,000",0,2.16,-3.83,0.15
23/01/2014,1842.29,1842.29,1820.06,1828.46,"3,972,250,000",0,0,-22.23,-13.83
24/01/2014,1826.96,1826.96,1790.29,1790.29,"4,618,450,000",0,0,-36.67,-36.67
27/01/2014,1791.03,1795.98,1772.88,1781.56,"4,045,200,000",0,4.95,-18.15,-9.47
28/01/2014,1783,1793.87,1779.49,1792.5,"3,437,830,000",0,10.87,-3.51,9.5
29/01/2014,1790.15,1790.15,1770.45,1774.2,"3,964,020,000",0,0,-19.7,-15.95
30/01/2014,1777.17,1798.77,1777.17,1794.19,"3,547,510,000",0,21.6,0,17.02
31/01/2014,1790.88,1793.88,1772.26,1782.59,"4,059,690,000",0,3,-18.62,-8.29
03/02/2014,1782.68,1784.83,1739.66,1741.89,"4,726,040,000",0,2.15,-43.02,-40.79
04/02/2014,1743.82,1758.73,1743.82,1755.2,"4,068,410,000",0,14.91,0,11.38
05/02/2014,1753.38,1755.79,1737.92,1751.64,"3,984,290,000",0,2.41,-15.46,-1.74
06/02/2014,1752.99,1774.06,1752.99,1773.43,"3,825,410,000",0,21.07,0,20.44
07/02/2014,1776.01,1798.03,1776.01,1797.02,"3,775,990,000",0,22.02,0,21.01
10/02/2014,1796.2,1799.94,1791.83,1799.84,"3,312,160,000",0,3.74,-4.37,3.64
11/02/2014,1800.45,1823.54,1800.41,1819.75,"3,699,380,000",0,23.09,-0.04,19.3
12/02/2014,1820.12,1826.55,1815.97,1819.26,"3,326,380,000",0,6.43,-4.15,-0.86
13/02/2014,1814.82,1830.25,1809.22,1829.83,"3,289,510,000",0,15.43,-5.6,15.01
14/02/2014,1828.46,1841.65,1825.59,1838.63,"3,114,750,000",0,13.19,-2.87,10.17
18/02/2014,1839.03,1842.87,1835.01,1840.76,"3,421,110,000",0,3.84,-4.02,1.73
19/02/2014,1838.9,1847.5,1826.99,1828.75,"3,661,570,000",0,8.6,-11.91,-10.15
20/02/2014,1829.24,1842.79,1824.58,1839.78,"3,404,980,000",0,13.55,-4.66,10.54
21/02/2014,1841.07,1846.13,1835.6,1836.25,"3,403,880,000",0,5.06,-5.47,-4.82
24/02/2014,1836.78,1858.71,1836.78,1847.61,"4,014,530,000",0,21.93,0,10.83
25/02/2014,1847.66,1852.91,1840.19,1845.12,"3,515,560,000",0,5.25,-7.47,-2.54
26/02/2014,1845.79,1852.65,1840.66,1845.16,"3,716,730,000",0,6.86,-5.13,-0.63
27/02/2014,1844.9,1854.53,1841.13,1854.29,"3,547,460,000",0,9.63,-3.77,9.39
28/02/2014,1855.12,1867.92,1847.67,1859.45,"3,917,450,000",0,12.8,-7.45,4.33
03/03/2014,1857.68,1857.68,1834.44,1845.73,"3,428,220,000",0,0,-23.24,-11.95
04/03/2014,1849.23,1876.23,1849.23,1873.91,"3,765,770,000",0,27,0,24.68
05/03/2014,1874.05,1876.53,1871.11,1873.81,"3,392,990,000",0,2.48,-2.94,-0.24
06/03/2014,1874.18,1881.94,1874.18,1877.03,"3,360,450,000",0,7.76,0,2.85
07/03/2014,1878.52,1883.57,1870.56,1878.04,"3,564,740,000",0,5.05,-7.96,-0.48
10/03/2014,1877.86,1877.87,1867.04,1877.17,"3,021,350,000",0,0.01,-10.82,-0.69
11/03/2014,1878.26,1882.35,1863.88,1867.63,"3,392,400,000",0,4.09,-14.38,-10.63
12/03/2014,1866.15,1868.38,1854.38,1868.2,"3,270,860,000",0,2.23,-11.77,2.05
13/03/2014,1869.06,1874.4,1841.86,1846.34,"3,670,990,000",0,5.34,-27.2,-22.72
14/03/2014,1845.07,1852.44,1839.57,1841.13,"3,285,460,000",0,7.37,-5.5,-3.94
17/03/2014,1842.81,1862.3,1842.81,1858.83,"2,860,490,000",0,19.49,0,16.02
18/03/2014,1858.92,1873.76,1858.92,1872.25,"2,930,190,000",0,14.84,0,13.33
19/03/2014,1872.25,1874.14,1850.35,1860.77,"3,289,210,000",0,1.89,-21.9,-11.48
20/03/2014,1860.09,1873.49,1854.63,1872.01,"3,327,540,000",0,13.4,-5.46,11.92
21/03/2014,1874.53,1883.97,1863.46,1866.52,"5,270,710,000",0,9.44,-11.07,-8.01
24/03/2014,1867.67,1873.34,1849.69,1857.44,"3,409,000,000",0,5.67,-17.98,-10.23
25/03/2014,1859.48,1871.87,1855.96,1865.62,"3,200,560,000",0,12.39,-3.52,6.14
26/03/2014,1867.09,1875.92,1852.56,1852.56,"3,480,850,000",0,8.83,-14.53,-14.53
27/03/2014,1852.11,1855.55,1842.11,1849.04,"3,733,430,000",0,3.44,-10,-3.07
28/03/2014,1850.07,1866.63,1850.07,1857.62,"2,955,520,000",0,16.56,0,7.55
31/03/2014,1859.16,1875.18,1859.16,1872.34,"3,274,300,000",0,16.02,0,13.18
01/04/2014,1873.96,1885.84,1873.96,1885.52,"3,336,190,000",0,11.88,0,11.56
02/04/2014,1886.61,1893.17,1883.79,1890.9,"3,131,660,000",0,6.56,-2.82,4.29
03/04/2014,1891.43,1893.8,1882.65,1888.77,"3,055,600,000",0,2.37,-8.78,-2.66
04/04/2014,1890.25,1897.28,1863.26,1865.09,"3,583,750,000",0,7.03,-26.99,-25.16
